[
  {
    "id" : "CsCatalogoNazionalePrestazioni",
    "type" : "CodeSystem",
    "url" : "https://agenas.gov.it/fhir/CodeSystem/CsCatalogoNazionalePrestazioni",
    "version" : "0.1.0",
    "name" : "CsCatalogoNazionalePrestazioni"
  },
  {
    "id" : "branca-prestazione",
    "type" : "CodeSystem",
    "url" : "https://agenas.gov.it/fhir/CodeSystem/branca-prestazione",
    "version" : "0.1.0",
    "name" : "BrancaPrestazione"
  },
  {
    "id" : "cs-tipo-ricetta",
    "type" : "CodeSystem",
    "url" : "https://agenas.gov.it/fhir/CodeSystem/cs-tipo-ricetta",
    "version" : "0.1.0",
    "name" : "CsTipoRicetta"
  },
  {
    "id" : "csAmbitoTelemedicina",
    "type" : "CodeSystem",
    "url" : "https://agenas.gov.it/fhir/CodeSystem/csAmbitoTelemedicina",
    "version" : "0.1.0",
    "name" : "CodeSystem_ambitoTelemedicina"
  },
  {
    "id" : "csTipologiaPiano",
    "type" : "CodeSystem",
    "url" : "https://agenas.gov.it/fhir/CodeSystem/csTipologiaPiano",
    "version" : "0.1.0",
    "name" : "CodeSystem_tipologia_piano"
  },
  {
    "id" : "csspecialityPractitionerRole",
    "type" : "CodeSystem",
    "url" : "https://agenas.gov.it/fhir/CodeSystem/csspecialityPractitionerRole",
    "version" : "0.1.0",
    "name" : "CodeSystem_per_specialita_PractitionerRole"
  },
  {
    "id" : "diagnosi-icd9cm",
    "type" : "CodeSystem",
    "url" : "https://agenas.gov.it/fhir/CodeSystem/diagnosi-icd9cm",
    "version" : "0.1.0",
    "name" : "CodeSystem_DiagnosiICD9CM"
  },
  {
    "id" : "dug",
    "type" : "CodeSystem",
    "url" : "https://agenas.gov.it/fhir/CodeSystem/dug",
    "version" : "0.1.0",
    "name" : "CsIstatDug"
  },
  {
    "id" : "teleconsulto",
    "type" : "ImplementationGuide",
    "url" : "https://agenas.gov.it/fhir/ImplementationGuide/teleconsulto",
    "version" : "0.1.0",
    "name" : "Teleconsulto"
  },
  {
    "id" : "AddressItTelemedicina",
    "type" : "StructureDefinition",
    "url" : "https://agenas.gov.it/fhir/StructureDefinition/AddressItTelemedicina",
    "version" : "0.1.0",
    "name" : "AddressItTelemedicina"
  },
  {
    "id" : "AllergyIntoleranceTelemedicina",
    "type" : "StructureDefinition",
    "url" : "https://agenas.gov.it/fhir/StructureDefinition/AllergyIntoleranceTelemedicina",
    "version" : "0.1.0",
    "name" : "AllergyIntoleranceTelemedicina"
  },
  {
    "id" : "AppointmentTelemedicina",
    "type" : "StructureDefinition",
    "url" : "https://agenas.gov.it/fhir/StructureDefinition/AppointmentTelemedicina",
    "version" : "0.1.0",
    "name" : "AppointmentTelemedicina"
  },
  {
    "id" : "BundleRelazioneCollaborativaTeleconsulto",
    "type" : "StructureDefinition",
    "url" : "https://agenas.gov.it/fhir/StructureDefinition/BundleRelazioneCollaborativaTeleconsulto",
    "version" : "0.1.0",
    "name" : "BundleRelazioneCollaborativaTeleconsulto"
  },
  {
    "id" : "CompositionRelazioneCollaborativaTeleconsulto",
    "type" : "StructureDefinition",
    "url" : "https://agenas.gov.it/fhir/StructureDefinition/CompositionRelazioneCollaborativaTeleconsulto",
    "version" : "0.1.0",
    "name" : "CompositionRelazioneCollaborativaTeleconsulto"
  },
  {
    "id" : "CompositionTelemedicina",
    "type" : "StructureDefinition",
    "url" : "https://agenas.gov.it/fhir/StructureDefinition/CompositionTelemedicina",
    "version" : "0.1.0",
    "name" : "CompositionTelemedicina"
  },
  {
    "id" : "ConditionTelemedicina",
    "type" : "StructureDefinition",
    "url" : "https://agenas.gov.it/fhir/StructureDefinition/ConditionTelemedicina",
    "version" : "0.1.0",
    "name" : "ConditionTelemedicina"
  },
  {
    "id" : "DeviceTelemedicina",
    "type" : "StructureDefinition",
    "url" : "https://agenas.gov.it/fhir/StructureDefinition/DeviceTelemedicina",
    "version" : "0.1.0",
    "name" : "DeviceTelemedicina"
  },
  {
    "id" : "DiagnosticReportTelemedicina",
    "type" : "StructureDefinition",
    "url" : "https://agenas.gov.it/fhir/StructureDefinition/DiagnosticReportTelemedicina",
    "version" : "0.1.0",
    "name" : "DiagnosticReportTelemedicina"
  },
  {
    "id" : "EncounterTeleconsulto",
    "type" : "StructureDefinition",
    "url" : "https://agenas.gov.it/fhir/StructureDefinition/EncounterTeleconsulto",
    "version" : "0.1.0",
    "name" : "EncounterTeleconsulto"
  },
  {
    "id" : "EncounterTelemedicina",
    "type" : "StructureDefinition",
    "url" : "https://agenas.gov.it/fhir/StructureDefinition/EncounterTelemedicina",
    "version" : "0.1.0",
    "name" : "EncounterTelemedicina"
  },
  {
    "id" : "MedicationRequestTelemedicina",
    "type" : "StructureDefinition",
    "url" : "https://agenas.gov.it/fhir/StructureDefinition/MedicationRequestTelemedicina",
    "version" : "0.1.0",
    "name" : "MedicationRequestTelemedicina"
  },
  {
    "id" : "MedicationStatementTelemedicina",
    "type" : "StructureDefinition",
    "url" : "https://agenas.gov.it/fhir/StructureDefinition/MedicationStatement",
    "version" : "0.1.0",
    "name" : "MedicationStatementTelemedicina"
  },
  {
    "id" : "ObservationTelemedicina",
    "type" : "StructureDefinition",
    "url" : "https://agenas.gov.it/fhir/StructureDefinition/ObservationTelemedicina",
    "version" : "0.1.0",
    "name" : "ObservationTelemedicina"
  },
  {
    "id" : "OrganizationT1",
    "type" : "StructureDefinition",
    "url" : "https://agenas.gov.it/fhir/StructureDefinition/OrganizationT1",
    "version" : "0.1.0",
    "name" : "OrganizationT1"
  },
  {
    "id" : "OrganizationT2",
    "type" : "StructureDefinition",
    "url" : "https://agenas.gov.it/fhir/StructureDefinition/OrganizationT2",
    "version" : "0.1.0",
    "name" : "OrganizationT2"
  },
  {
    "id" : "OrganizationT3",
    "type" : "StructureDefinition",
    "url" : "https://agenas.gov.it/fhir/StructureDefinition/OrganizationT3",
    "version" : "0.1.0",
    "name" : "OrganizationT3"
  },
  {
    "id" : "OrganizationTelemedicina",
    "type" : "StructureDefinition",
    "url" : "https://agenas.gov.it/fhir/StructureDefinition/OrganizationTelemedicina",
    "version" : "0.1.0",
    "name" : "OrganizationTelemedicina"
  },
  {
    "id" : "PatientTelemedicina",
    "type" : "StructureDefinition",
    "url" : "https://agenas.gov.it/fhir/StructureDefinition/PatientTelemedicina",
    "version" : "0.1.0",
    "name" : "PatientTelemedicina"
  },
  {
    "id" : "PractitionerRoleTelemedicina",
    "type" : "StructureDefinition",
    "url" : "https://agenas.gov.it/fhir/StructureDefinition/PractitionerRoleTelemedicina",
    "version" : "0.1.0",
    "name" : "PractitionerRoleTelemedicina"
  },
  {
    "id" : "PractitionerTelemedicina",
    "type" : "StructureDefinition",
    "url" : "https://agenas.gov.it/fhir/StructureDefinition/PractitionerTelemedicina",
    "version" : "0.1.0",
    "name" : "PractitionerTelemedicina"
  },
  {
    "id" : "ProcedureTelemedicina",
    "type" : "StructureDefinition",
    "url" : "https://agenas.gov.it/fhir/StructureDefinition/ProcedureTelemedicina",
    "version" : "0.1.0",
    "name" : "ProcedureTelemedicina"
  },
  {
    "id" : "ServiceRequestTC",
    "type" : "StructureDefinition",
    "url" : "https://agenas.gov.it/fhir/StructureDefinition/ServiceRequestTC",
    "version" : "0.1.0",
    "name" : "ServiceRequestTC"
  },
  {
    "id" : "ServiceRequestTelemedicina",
    "type" : "StructureDefinition",
    "url" : "https://agenas.gov.it/fhir/StructureDefinition/ServiceRequestTelemedicina",
    "version" : "0.1.0",
    "name" : "ServiceRequestTelemedicina"
  },
  {
    "id" : "TimingTelemedicina",
    "type" : "StructureDefinition",
    "url" : "https://agenas.gov.it/fhir/StructureDefinition/TimingTelemedicina",
    "version" : "0.1.0",
    "name" : "TimingTelemedicina"
  },
  {
    "id" : "actual-period",
    "type" : "StructureDefinition",
    "url" : "https://agenas.gov.it/fhir/StructureDefinition/actual-period",
    "version" : "0.1.0",
    "name" : "ActualPeriod"
  },
  {
    "id" : "address-dug",
    "type" : "StructureDefinition",
    "url" : "https://agenas.gov.it/fhir/StructureDefinition/address-dug",
    "version" : "0.1.0",
    "name" : "ExtDug"
  },
  {
    "id" : "Extension-serviceRequest-codeCodingType",
    "type" : "StructureDefinition",
    "url" : "https://agenas.gov.it/fhir/StructureDefinition/extension_serviceRequest_codeCodingType",
    "version" : "0.1.0",
    "name" : "Extension_serviceRequest_codeCodingType"
  },
  {
    "id" : "planned-end-date",
    "type" : "StructureDefinition",
    "url" : "https://agenas.gov.it/fhir/StructureDefinition/planned-end-date",
    "version" : "0.1.0",
    "name" : "PlannedEndDate"
  },
  {
    "id" : "planned-start-date",
    "type" : "StructureDefinition",
    "url" : "https://agenas.gov.it/fhir/StructureDefinition/planned-start-date",
    "version" : "0.1.0",
    "name" : "PlannedStartDate"
  },
  {
    "id" : "recordCertification",
    "type" : "StructureDefinition",
    "url" : "https://agenas.gov.it/fhir/StructureDefinition/recordCertification",
    "version" : "0.1.0",
    "name" : "ExtRecordCertification"
  },
  {
    "id" : "TipologiaAttivitaPianoDiTelemonitoraggio",
    "type" : "ValueSet",
    "url" : "https://agenas.gov.it/fhir/ValueSet/TipologiaAttivitaPianoDiTelemonitoraggio",
    "version" : "0.1.0",
    "name" : "TipologiaAttivitaPianoDiTelemonitoraggio"
  },
  {
    "id" : "ValueSetCatalogoNazionalePrestazioni",
    "type" : "ValueSet",
    "url" : "https://agenas.gov.it/fhir/ValueSet/ValueSetCatalogoNazionalePrestazioni",
    "version" : "0.1.0",
    "name" : "ValueSet_CatalogoNazionalePrestazioni"
  },
  {
    "id" : "ValuesetMinisteroSaluteidASL",
    "type" : "ValueSet",
    "url" : "https://agenas.gov.it/fhir/ValueSet/ValuesetMinisteroSaluteidASL",
    "version" : "0.1.0",
    "name" : "ValuesetMinisteroDellaSalute_IDASL"
  },
  {
    "id" : "VsCatalogoNazionalePrestazioni",
    "type" : "ValueSet",
    "url" : "https://agenas.gov.it/fhir/ValueSet/VsCatalogoNazionalePrestazioni",
    "version" : "0.1.0",
    "name" : "VsCatalogoNazionalePrestazioni"
  },
  {
    "id" : "VstipoIdentificatore",
    "type" : "ValueSet",
    "url" : "https://agenas.gov.it/fhir/ValueSet/VstipoIdentificatore",
    "version" : "0.1.0",
    "name" : "VstipoIdentificatore"
  },
  {
    "id" : "diagnosi-icd9cm",
    "type" : "ValueSet",
    "url" : "https://agenas.gov.it/fhir/ValueSet/diagnosi-icd9cm",
    "version" : "0.1.0",
    "name" : "ValueSet_DiagnosiICD9CM"
  },
  {
    "id" : "istat-dug",
    "type" : "ValueSet",
    "url" : "https://agenas.gov.it/fhir/ValueSet/istat-dug",
    "version" : "0.1.0",
    "name" : "VsIstatDug"
  },
  {
    "id" : "minsan-asl",
    "type" : "ValueSet",
    "url" : "https://agenas.gov.it/fhir/ValueSet/minsan-asl",
    "version" : "0.1.0",
    "name" : "VsMinisteroSaluteAsl"
  },
  {
    "id" : "minsan-idStrutture",
    "type" : "ValueSet",
    "url" : "https://agenas.gov.it/fhir/ValueSet/minsan-idStrutture",
    "version" : "0.1.0",
    "name" : "VsMinisteroSaluteIdStrutture"
  },
  {
    "id" : "minsan-idStruttureInterne",
    "type" : "ValueSet",
    "url" : "https://agenas.gov.it/fhir/ValueSet/minsan-idStruttureInterne",
    "version" : "0.1.0",
    "name" : "VsMinisteroSaluteIdStruttureInterne"
  },
  {
    "id" : "specialita-mediche",
    "type" : "ValueSet",
    "url" : "https://agenas.gov.it/fhir/ValueSet/specialita-mediche",
    "version" : "0.1.0",
    "name" : "SpecialitaMedicheVS"
  },
  {
    "id" : "tipologia-piano",
    "type" : "ValueSet",
    "url" : "https://agenas.gov.it/fhir/ValueSet/tipologia-piano",
    "version" : "0.1.0",
    "name" : "ValueSet_TipologiaPiano"
  },
  {
    "id" : "vs-tipo-ricetta",
    "type" : "ValueSet",
    "url" : "https://agenas.gov.it/fhir/ValueSet/vs-tipo-ricetta",
    "version" : "0.1.0",
    "name" : "VsTipoRicetta"
  },
  {
    "id" : "vsAmbitoTelemedicina",
    "type" : "ValueSet",
    "url" : "https://agenas.gov.it/fhir/ValueSet/vsAmbitoTelemedicina",
    "version" : "0.1.0",
    "name" : "ValueSet_ambitoTelemedicina"
  },
  {
    "id" : "vsTipologiaDocumentale",
    "type" : "ValueSet",
    "url" : "https://agenas.gov.it/fhir/ValueSet/vsTipologiaDocumentale",
    "version" : "0.1.0",
    "name" : "VsTipologiaDocumentale"
  },
  {
    "id" : "vsspecialityPractitionerRole",
    "type" : "ValueSet",
    "url" : "https://agenas.gov.it/fhir/ValueSet/vsspecialityPractitionerRole",
    "version" : "0.1.0",
    "name" : "ValueSet_per_specialita_PractitionerRole"
  },
  {
    "id" : "CodesystemCatalogoNazionalePrestazioni",
    "type" : "CodeSystem",
    "url" : "https://terminology.agenas.gov.it/CodeSystem/CodesystemCatalogoNazionalePrestazioni",
    "version" : "0.1.0",
    "name" : "CodesystemCatalogoNazionalePrestazioni"
  },
  {
    "id" : "CodesystemMinisteroSaluteASL",
    "type" : "CodeSystem",
    "url" : "https://terminology.agenas.gov.it/CodeSystem/minsan-fls",
    "version" : "0.1.0",
    "name" : "CodesystemMinisteroDellaSalute_ASL"
  }
]
