URL,Version,Status,OIDs,Name,Title,Description,Used
https://agenas.gov.it/fhir/CodeSystem/CsCatalogoNazionalePrestazioni,0.1.0,draft,,CsCatalogoNazionalePrestazioni,Codesystem catalogo nazionale prestazioni,"Definisce il sistema di terminologie da usare per i codici prestazione definiti dal catalogo nazionale",
https://agenas.gov.it/fhir/CodeSystem/branca-prestazione,0.1.0,active,,BrancaPrestazione,Branca Prestazione,"CodeSystem contenente le branche.",
https://agenas.gov.it/fhir/CodeSystem/cs-tipo-ricetta,0.1.0,active,,CsTipoRicetta,Codici Assistenza per Stranieri,"Codici identificativi per tipologie di assistenza a stranieri in temporaneo soggiorno, secondo classificazioni italiane ed europee.",
https://agenas.gov.it/fhir/CodeSystem/csAmbitoTelemedicina,0.1.0,draft,,CodeSystem_ambitoTelemedicina,CodeSystem per gli ambiti della telemedicina,"Definisce il sistema di terminologie da usare per i codici degli ambiti di telemedicina",
https://agenas.gov.it/fhir/CodeSystem/csTipologiaPiano,0.1.0,draft,,CodeSystem_tipologia_piano,CodeSystem per la tipologia del piano,"Definisce il sistema di terminologie da usare per i codici delle tipologie di piano",
https://agenas.gov.it/fhir/CodeSystem/csspecialityPractitionerRole,0.1.0,draft,,CodeSystem_per_specialita_PractitionerRole,CodeSystem per specialita PractitionerRole,"Definisce il sistema di terminologie da usare per i codici delle specialità cliniche e delle discipline ospedaliere. (19A00915) (GU Serie Generale n.38 del 14-02-2019)",
https://agenas.gov.it/fhir/CodeSystem/diagnosi-icd9cm,0.1.0,draft,,CodeSystem_DiagnosiICD9CM,Codesystem diagnosi ICD-9-CM,"Definisce il sistema di terminologie da usare per le diagnosi secondo ICD-9-CM.",
https://agenas.gov.it/fhir/CodeSystem/dug,0.1.0,draft,,CsIstatDug,ISTAT - Registro delle Denominazioni Urbanistiche Generiche (DUG),"ISTAT - Registro delle Denominazioni Urbanistiche Generiche (DUG)",
https://terminology.agenas.gov.it/CodeSystem/CodesystemCatalogoNazionalePrestazioni,0.1.0,draft,,CodesystemCatalogoNazionalePrestazioni,Codesystem catalogo nazionale prestazioni,"Definisce il sistema di terminologie da usare per i codici prestazione definiti dal catalogo nazionale",
https://terminology.agenas.gov.it/CodeSystem/minsan-fls,0.1.0,draft,,CodesystemMinisteroDellaSalute_ASL,Ministero della Salute - ASL,"Definisce il sistema di terminologie da usare per il codice ASL ereditato da Hl7.it",
