<?xml version="1.0" encoding="UTF-8"?>

<CodeSystem xmlns="http://hl7.org/fhir">
  <id value="branca-prestazione"/>
  <text>
    <status value="generated"/><div xmlns="http://www.w3.org/1999/xhtml"><p class="res-header-id"><b>Generated Narrative: CodeSystem branca-prestazione</b></p><a name="branca-prestazione"> </a><a name="hcbranca-prestazione"> </a><a name="branca-prestazione-en-US"> </a><p>This  code system <code>https://agenas.gov.it/fhir/CodeSystem/branca-prestazione</code> defines the following codes:</p><table class="codes"><tr><td style="white-space:nowrap"><b>Code</b></td><td><b>Display</b></td></tr><tr><td style="white-space:nowrap">01<a name="branca-prestazione-01"> </a></td><td>Anestesia</td></tr><tr><td style="white-space:nowrap">02<a name="branca-prestazione-02"> </a></td><td>Cardiologia</td></tr><tr><td style="white-space:nowrap">03<a name="branca-prestazione-03"> </a></td><td>Chirurgia generale</td></tr><tr><td style="white-space:nowrap">04<a name="branca-prestazione-04"> </a></td><td>Chirurgia plastica</td></tr><tr><td style="white-space:nowrap">05<a name="branca-prestazione-05"> </a></td><td>Chirurgia vascolare – Angiologia</td></tr><tr><td style="white-space:nowrap">06<a name="branca-prestazione-06"> </a></td><td>Dermosifilopatia</td></tr><tr><td style="white-space:nowrap">07<a name="branca-prestazione-07"> </a></td><td>Diagnostica per immagini - Medicina nucleare</td></tr><tr><td style="white-space:nowrap">08<a name="branca-prestazione-08"> </a></td><td>Diagnostica per immagini - Radiologia diagnostica</td></tr><tr><td style="white-space:nowrap">09<a name="branca-prestazione-09"> </a></td><td>Endocrinologia</td></tr><tr><td style="white-space:nowrap">10<a name="branca-prestazione-10"> </a></td><td>Gastroenterologia - Chirurgia ed endoscopia digestiva</td></tr><tr><td style="white-space:nowrap">11<a name="branca-prestazione-11"> </a></td><td>Lab. analisi chimico cliniche e microbiologiche - Microbiologia – Virologia - Anatomia e istologia patologica - GeneticaImmunoematologia e s. trasf.</td></tr><tr><td style="white-space:nowrap">12<a name="branca-prestazione-12"> </a></td><td>Medicina fisica e riabilitazione - Recupero e riabilitazione funzionale dei motulesi e neurolesi</td></tr><tr><td style="white-space:nowrap">13<a name="branca-prestazione-13"> </a></td><td>Nefrologia</td></tr><tr><td style="white-space:nowrap">14<a name="branca-prestazione-14"> </a></td><td>Neurochirurgia</td></tr><tr><td style="white-space:nowrap">15<a name="branca-prestazione-15"> </a></td><td>Neurologia</td></tr><tr><td style="white-space:nowrap">16<a name="branca-prestazione-16"> </a></td><td>Oculistica</td></tr><tr><td style="white-space:nowrap">17<a name="branca-prestazione-17"> </a></td><td>Odontostomatologia - Chirurgia maxillo facciale</td></tr><tr><td style="white-space:nowrap">18<a name="branca-prestazione-18"> </a></td><td>Oncologia</td></tr><tr><td style="white-space:nowrap">19<a name="branca-prestazione-19"> </a></td><td>Ortopedia e traumatologia</td></tr><tr><td style="white-space:nowrap">20<a name="branca-prestazione-20"> </a></td><td>Ostetricia e ginecologia</td></tr><tr><td style="white-space:nowrap">21<a name="branca-prestazione-21"> </a></td><td>Otorinolaringoiatria</td></tr><tr><td style="white-space:nowrap">22<a name="branca-prestazione-22"> </a></td><td>Pneumologia</td></tr><tr><td style="white-space:nowrap">23<a name="branca-prestazione-23"> </a></td><td>Psichiatria</td></tr><tr><td style="white-space:nowrap">24<a name="branca-prestazione-24"> </a></td><td>Radioterapia</td></tr><tr><td style="white-space:nowrap">25<a name="branca-prestazione-25"> </a></td><td>Urologia</td></tr><tr><td style="white-space:nowrap">26<a name="branca-prestazione-26"> </a></td><td>Altro</td></tr></table></div>
  </text>
  <url value="https://agenas.gov.it/fhir/CodeSystem/branca-prestazione"/>
  <version value="0.1.0"/>
  <name value="BrancaPrestazione"/>
  <title value="Branca Prestazione"/>
  <status value="active"/>
  <date value="2025-05-29T16:38:39+02:00"/>
  <publisher value="Example Publisher"/>
  <contact>
    <name value="Example Publisher"/>
    <telecom>
      <system value="url"/>
      <value value="http://example.org/example-publisher"/>
    </telecom>
  </contact>
  <description value="CodeSystem contenente le branche."/>
  <content value="complete"/>
  <count value="26"/>
  <concept>
    <code value="01"/>
    <display value="Anestesia"/>
  </concept>
  <concept>
    <code value="02"/>
    <display value="Cardiologia"/>
  </concept>
  <concept>
    <code value="03"/>
    <display value="Chirurgia generale"/>
  </concept>
  <concept>
    <code value="04"/>
    <display value="Chirurgia plastica"/>
  </concept>
  <concept>
    <code value="05"/>
    <display value="Chirurgia vascolare – Angiologia"/>
  </concept>
  <concept>
    <code value="06"/>
    <display value="Dermosifilopatia"/>
  </concept>
  <concept>
    <code value="07"/>
    <display value="Diagnostica per immagini - Medicina nucleare"/>
  </concept>
  <concept>
    <code value="08"/>
    <display value="Diagnostica per immagini - Radiologia diagnostica"/>
  </concept>
  <concept>
    <code value="09"/>
    <display value="Endocrinologia"/>
  </concept>
  <concept>
    <code value="10"/>
    <display value="Gastroenterologia - Chirurgia ed endoscopia digestiva"/>
  </concept>
  <concept>
    <code value="11"/>
    <display value="Lab. analisi chimico cliniche e microbiologiche - Microbiologia – Virologia - Anatomia e istologia patologica - GeneticaImmunoematologia e s. trasf."/>
  </concept>
  <concept>
    <code value="12"/>
    <display value="Medicina fisica e riabilitazione - Recupero e riabilitazione funzionale dei motulesi e neurolesi"/>
  </concept>
  <concept>
    <code value="13"/>
    <display value="Nefrologia"/>
  </concept>
  <concept>
    <code value="14"/>
    <display value="Neurochirurgia"/>
  </concept>
  <concept>
    <code value="15"/>
    <display value="Neurologia"/>
  </concept>
  <concept>
    <code value="16"/>
    <display value="Oculistica"/>
  </concept>
  <concept>
    <code value="17"/>
    <display value="Odontostomatologia - Chirurgia maxillo facciale"/>
  </concept>
  <concept>
    <code value="18"/>
    <display value="Oncologia"/>
  </concept>
  <concept>
    <code value="19"/>
    <display value="Ortopedia e traumatologia"/>
  </concept>
  <concept>
    <code value="20"/>
    <display value="Ostetricia e ginecologia"/>
  </concept>
  <concept>
    <code value="21"/>
    <display value="Otorinolaringoiatria"/>
  </concept>
  <concept>
    <code value="22"/>
    <display value="Pneumologia"/>
  </concept>
  <concept>
    <code value="23"/>
    <display value="Psichiatria"/>
  </concept>
  <concept>
    <code value="24"/>
    <display value="Radioterapia"/>
  </concept>
  <concept>
    <code value="25"/>
    <display value="Urologia"/>
  </concept>
  <concept>
    <code value="26"/>
    <display value="Altro"/>
  </concept>
</CodeSystem>