<?xml version="1.0" encoding="UTF-8"?>

<CodeSystem xmlns="http://hl7.org/fhir">
  <id value="CodesystemMinisteroSaluteASL"/>
  <text>
    <status value="generated"/><div xmlns="http://www.w3.org/1999/xhtml"><p class="res-header-id"><b>Generated Narrative: CodeSystem CodesystemMinisteroSaluteASL</b></p><a name="CodesystemMinisteroSaluteASL"> </a><a name="hcCodesystemMinisteroSaluteASL"> </a><a name="CodesystemMinisteroSaluteASL-en-US"> </a><p>This case-insensitive code system <code>https://terminology.agenas.gov.it/CodeSystem/minsan-fls</code> defines the following codes:</p><table class="codes"><tr><td style="white-space:nowrap"><b>Code</b></td><td><b>Display</b></td></tr><tr><td style="white-space:nowrap">010201<a name="CodesystemMinisteroSaluteASL-010201"> </a></td><td>TO1</td></tr><tr><td style="white-space:nowrap">010202<a name="CodesystemMinisteroSaluteASL-010202"> </a></td><td>TO2</td></tr><tr><td style="white-space:nowrap">010203<a name="CodesystemMinisteroSaluteASL-010203"> </a></td><td>TO3</td></tr><tr><td style="white-space:nowrap">010204<a name="CodesystemMinisteroSaluteASL-010204"> </a></td><td>TO4</td></tr><tr><td style="white-space:nowrap">010205<a name="CodesystemMinisteroSaluteASL-010205"> </a></td><td>TO5</td></tr><tr><td style="white-space:nowrap">010206<a name="CodesystemMinisteroSaluteASL-010206"> </a></td><td>VC</td></tr><tr><td style="white-space:nowrap">010207<a name="CodesystemMinisteroSaluteASL-010207"> </a></td><td>BI</td></tr><tr><td style="white-space:nowrap">010208<a name="CodesystemMinisteroSaluteASL-010208"> </a></td><td>NO</td></tr><tr><td style="white-space:nowrap">010209<a name="CodesystemMinisteroSaluteASL-010209"> </a></td><td>VCO</td></tr><tr><td style="white-space:nowrap">010210<a name="CodesystemMinisteroSaluteASL-010210"> </a></td><td>CN1</td></tr><tr><td style="white-space:nowrap">010211<a name="CodesystemMinisteroSaluteASL-010211"> </a></td><td>CN2</td></tr><tr><td style="white-space:nowrap">010212<a name="CodesystemMinisteroSaluteASL-010212"> </a></td><td>AT</td></tr><tr><td style="white-space:nowrap">010213<a name="CodesystemMinisteroSaluteASL-010213"> </a></td><td>AL</td></tr><tr><td style="white-space:nowrap">010301<a name="CodesystemMinisteroSaluteASL-010301"> </a></td><td>ASL CITTA' DI TORINO</td></tr><tr><td style="white-space:nowrap">020101<a name="CodesystemMinisteroSaluteASL-020101"> </a></td><td>AZIENDA U.S.L. VALLE D'AOSTA</td></tr><tr><td style="white-space:nowrap">030301<a name="CodesystemMinisteroSaluteASL-030301"> </a></td><td>A.S.L. DELLA PROVINCIA DI BERGAMO</td></tr><tr><td style="white-space:nowrap">030302<a name="CodesystemMinisteroSaluteASL-030302"> </a></td><td>A.S.L. DELLA PROVINCIA DI BRESCIA</td></tr><tr><td style="white-space:nowrap">030303<a name="CodesystemMinisteroSaluteASL-030303"> </a></td><td>A.S.L. DELLA PROVINCIA DI COMO</td></tr><tr><td style="white-space:nowrap">030304<a name="CodesystemMinisteroSaluteASL-030304"> </a></td><td>A.S.L. DELLA PROVINCIA DI CREMONA</td></tr><tr><td style="white-space:nowrap">030305<a name="CodesystemMinisteroSaluteASL-030305"> </a></td><td>A.S.L. DELLA PROVINCIA DI LECCO</td></tr><tr><td style="white-space:nowrap">030306<a name="CodesystemMinisteroSaluteASL-030306"> </a></td><td>A.S.L. DELLA PROVINCIA DI LODI</td></tr><tr><td style="white-space:nowrap">030307<a name="CodesystemMinisteroSaluteASL-030307"> </a></td><td>A.S.L. DELLA PROVINCIA DI MANTOVA</td></tr><tr><td style="white-space:nowrap">030308<a name="CodesystemMinisteroSaluteASL-030308"> </a></td><td>A.S.L. DI MILANO</td></tr><tr><td style="white-space:nowrap">030309<a name="CodesystemMinisteroSaluteASL-030309"> </a></td><td>A.S.L. DELLA PROVINCIA DI MILANO 1</td></tr><tr><td style="white-space:nowrap">030310<a name="CodesystemMinisteroSaluteASL-030310"> </a></td><td>A.S.L. DELLA PROVINCIA DI MILANO 2</td></tr><tr><td style="white-space:nowrap">030311<a name="CodesystemMinisteroSaluteASL-030311"> </a></td><td>A.S.L. PROVINCIA DI MONZA E BRIANZA</td></tr><tr><td style="white-space:nowrap">030312<a name="CodesystemMinisteroSaluteASL-030312"> </a></td><td>A.S.L. DELLA PROVINCIA DI PAVIA</td></tr><tr><td style="white-space:nowrap">030313<a name="CodesystemMinisteroSaluteASL-030313"> </a></td><td>A.S.L. DELLA PROVINCIA DI SONDRIO</td></tr><tr><td style="white-space:nowrap">030314<a name="CodesystemMinisteroSaluteASL-030314"> </a></td><td>A.S.L. DELLA PROVINCIA DI VARESE</td></tr><tr><td style="white-space:nowrap">030315<a name="CodesystemMinisteroSaluteASL-030315"> </a></td><td>A.S.L. DI VALLECAMONICA-SEBINO</td></tr><tr><td style="white-space:nowrap">030321<a name="CodesystemMinisteroSaluteASL-030321"> </a></td><td>ATS DELLA CITTA' METROPOLITANA DI MILANO</td></tr><tr><td style="white-space:nowrap">030322<a name="CodesystemMinisteroSaluteASL-030322"> </a></td><td>ATS DELL'INSUBRIA</td></tr><tr><td style="white-space:nowrap">030323<a name="CodesystemMinisteroSaluteASL-030323"> </a></td><td>ATS DELLA MONTAGNA</td></tr><tr><td style="white-space:nowrap">030324<a name="CodesystemMinisteroSaluteASL-030324"> </a></td><td>ATS DELLA BRIANZA</td></tr><tr><td style="white-space:nowrap">030325<a name="CodesystemMinisteroSaluteASL-030325"> </a></td><td>ATS DI BERGAMO</td></tr><tr><td style="white-space:nowrap">030326<a name="CodesystemMinisteroSaluteASL-030326"> </a></td><td>ATS DI BRESCIA</td></tr><tr><td style="white-space:nowrap">030327<a name="CodesystemMinisteroSaluteASL-030327"> </a></td><td>ATS DELLA VAL PADANA</td></tr><tr><td style="white-space:nowrap">030328<a name="CodesystemMinisteroSaluteASL-030328"> </a></td><td>ATS DI PAVIA</td></tr><tr><td style="white-space:nowrap">041201<a name="CodesystemMinisteroSaluteASL-041201"> </a></td><td>AZIENDA SANITARIA DELLA P.A. DI BOLZANO</td></tr><tr><td style="white-space:nowrap">042101<a name="CodesystemMinisteroSaluteASL-042101"> </a></td><td>TRENTO</td></tr><tr><td style="white-space:nowrap">050101<a name="CodesystemMinisteroSaluteASL-050101"> </a></td><td>BELLUNO</td></tr><tr><td style="white-space:nowrap">050102<a name="CodesystemMinisteroSaluteASL-050102"> </a></td><td>FELTRE</td></tr><tr><td style="white-space:nowrap">050103<a name="CodesystemMinisteroSaluteASL-050103"> </a></td><td>BASSANO DEL GRAPPA</td></tr><tr><td style="white-space:nowrap">050104<a name="CodesystemMinisteroSaluteASL-050104"> </a></td><td>THIENE</td></tr><tr><td style="white-space:nowrap">050105<a name="CodesystemMinisteroSaluteASL-050105"> </a></td><td>ARZIGNANO</td></tr><tr><td style="white-space:nowrap">050106<a name="CodesystemMinisteroSaluteASL-050106"> </a></td><td>VICENZA</td></tr><tr><td style="white-space:nowrap">050107<a name="CodesystemMinisteroSaluteASL-050107"> </a></td><td>PIEVE DI SOLIGO</td></tr><tr><td style="white-space:nowrap">050108<a name="CodesystemMinisteroSaluteASL-050108"> </a></td><td>ASOLO</td></tr><tr><td style="white-space:nowrap">050109<a name="CodesystemMinisteroSaluteASL-050109"> </a></td><td>TREVISO</td></tr><tr><td style="white-space:nowrap">050110<a name="CodesystemMinisteroSaluteASL-050110"> </a></td><td>S. DONA' DI PIAVE</td></tr><tr><td style="white-space:nowrap">050112<a name="CodesystemMinisteroSaluteASL-050112"> </a></td><td>VENEZIANA</td></tr><tr><td style="white-space:nowrap">050113<a name="CodesystemMinisteroSaluteASL-050113"> </a></td><td>MIRANO</td></tr><tr><td style="white-space:nowrap">050114<a name="CodesystemMinisteroSaluteASL-050114"> </a></td><td>CHIOGGIA</td></tr><tr><td style="white-space:nowrap">050115<a name="CodesystemMinisteroSaluteASL-050115"> </a></td><td>CITTADELLA</td></tr><tr><td style="white-space:nowrap">050116<a name="CodesystemMinisteroSaluteASL-050116"> </a></td><td>PADOVA</td></tr><tr><td style="white-space:nowrap">050117<a name="CodesystemMinisteroSaluteASL-050117"> </a></td><td>MONSELICE</td></tr><tr><td style="white-space:nowrap">050118<a name="CodesystemMinisteroSaluteASL-050118"> </a></td><td>ROVIGO</td></tr><tr><td style="white-space:nowrap">050119<a name="CodesystemMinisteroSaluteASL-050119"> </a></td><td>ADRIA</td></tr><tr><td style="white-space:nowrap">050120<a name="CodesystemMinisteroSaluteASL-050120"> </a></td><td>VERONA</td></tr><tr><td style="white-space:nowrap">050121<a name="CodesystemMinisteroSaluteASL-050121"> </a></td><td>LEGNAGO</td></tr><tr><td style="white-space:nowrap">050122<a name="CodesystemMinisteroSaluteASL-050122"> </a></td><td>BUSSOLENGO</td></tr><tr><td style="white-space:nowrap">050501<a name="CodesystemMinisteroSaluteASL-050501"> </a></td><td>AZIENDA ULSS N. 1 DOLOMITI</td></tr><tr><td style="white-space:nowrap">050502<a name="CodesystemMinisteroSaluteASL-050502"> </a></td><td>AZIENDA ULSS N. 2 MARCA TREVIGIANA</td></tr><tr><td style="white-space:nowrap">050503<a name="CodesystemMinisteroSaluteASL-050503"> </a></td><td>AZIENDA ULSS N. 3 SERENISSIMA</td></tr><tr><td style="white-space:nowrap">050504<a name="CodesystemMinisteroSaluteASL-050504"> </a></td><td>AZIENDA ULSS N. 4 VENETO ORIENTALE</td></tr><tr><td style="white-space:nowrap">050505<a name="CodesystemMinisteroSaluteASL-050505"> </a></td><td>AZIENDA ULSS N. 5 POLESANA</td></tr><tr><td style="white-space:nowrap">050506<a name="CodesystemMinisteroSaluteASL-050506"> </a></td><td>AZIENDA ULSS N. 6 EUGANEA</td></tr><tr><td style="white-space:nowrap">050507<a name="CodesystemMinisteroSaluteASL-050507"> </a></td><td>AZIENDA ULSS N. 7 PEDEMONTANA</td></tr><tr><td style="white-space:nowrap">050508<a name="CodesystemMinisteroSaluteASL-050508"> </a></td><td>AZIENDA ULSS N. 8 BERICA</td></tr><tr><td style="white-space:nowrap">050509<a name="CodesystemMinisteroSaluteASL-050509"> </a></td><td>AZIENDA ULSS N. 9 SCALIGERA</td></tr><tr><td style="white-space:nowrap">060101<a name="CodesystemMinisteroSaluteASL-060101"> </a></td><td>TRIESTINA</td></tr><tr><td style="white-space:nowrap">060102<a name="CodesystemMinisteroSaluteASL-060102"> </a></td><td>ISONTINA</td></tr><tr><td style="white-space:nowrap">060103<a name="CodesystemMinisteroSaluteASL-060103"> </a></td><td>ALTO FRIULI</td></tr><tr><td style="white-space:nowrap">060104<a name="CodesystemMinisteroSaluteASL-060104"> </a></td><td>MEDIO FRIULI</td></tr><tr><td style="white-space:nowrap">060105<a name="CodesystemMinisteroSaluteASL-060105"> </a></td><td>BASSA FRIULANA</td></tr><tr><td style="white-space:nowrap">060106<a name="CodesystemMinisteroSaluteASL-060106"> </a></td><td>FRIULI OCCIDENTALE</td></tr><tr><td style="white-space:nowrap">060201<a name="CodesystemMinisteroSaluteASL-060201"> </a></td><td>ASUI DI TRIESTE</td></tr><tr><td style="white-space:nowrap">060202<a name="CodesystemMinisteroSaluteASL-060202"> </a></td><td>BASSA FRIULANA - ISONTINA</td></tr><tr><td style="white-space:nowrap">060203<a name="CodesystemMinisteroSaluteASL-060203"> </a></td><td>ALTO FRIULI - COLLINARE - MEDIO FRIULI</td></tr><tr><td style="white-space:nowrap">060204<a name="CodesystemMinisteroSaluteASL-060204"> </a></td><td>ASUI DI UDINE</td></tr><tr><td style="white-space:nowrap">060205<a name="CodesystemMinisteroSaluteASL-060205"> </a></td><td>AS FRIULI OCCIDENTALE</td></tr><tr><td style="white-space:nowrap">060206<a name="CodesystemMinisteroSaluteASL-060206"> </a></td><td>ASU FRIULI CENTRALE</td></tr><tr><td style="white-space:nowrap">060207<a name="CodesystemMinisteroSaluteASL-060207"> </a></td><td>ASU GIULIANO ISONTINA</td></tr><tr><td style="white-space:nowrap">070101<a name="CodesystemMinisteroSaluteASL-070101"> </a></td><td>IMPERIESE</td></tr><tr><td style="white-space:nowrap">070102<a name="CodesystemMinisteroSaluteASL-070102"> </a></td><td>SAVONESE</td></tr><tr><td style="white-space:nowrap">070103<a name="CodesystemMinisteroSaluteASL-070103"> </a></td><td>GENOVESE</td></tr><tr><td style="white-space:nowrap">070104<a name="CodesystemMinisteroSaluteASL-070104"> </a></td><td>CHIAVARESE</td></tr><tr><td style="white-space:nowrap">070105<a name="CodesystemMinisteroSaluteASL-070105"> </a></td><td>SPEZZINO</td></tr><tr><td style="white-space:nowrap">080101<a name="CodesystemMinisteroSaluteASL-080101"> </a></td><td>AZIENDA USL PIACENZA</td></tr><tr><td style="white-space:nowrap">080102<a name="CodesystemMinisteroSaluteASL-080102"> </a></td><td>AZIENDA USL PARMA</td></tr><tr><td style="white-space:nowrap">080103<a name="CodesystemMinisteroSaluteASL-080103"> </a></td><td>AZIENDA USL REGGIO EMILIA</td></tr><tr><td style="white-space:nowrap">080104<a name="CodesystemMinisteroSaluteASL-080104"> </a></td><td>AZIENDA USL MODENA</td></tr><tr><td style="white-space:nowrap">080105<a name="CodesystemMinisteroSaluteASL-080105"> </a></td><td>AZIENDA USL BOLOGNA</td></tr><tr><td style="white-space:nowrap">080106<a name="CodesystemMinisteroSaluteASL-080106"> </a></td><td>AZIENDA USL IMOLA</td></tr><tr><td style="white-space:nowrap">080109<a name="CodesystemMinisteroSaluteASL-080109"> </a></td><td>AZIENDA USL FERRARA</td></tr><tr><td style="white-space:nowrap">080110<a name="CodesystemMinisteroSaluteASL-080110"> </a></td><td>AZIENDA USL RAVENNA</td></tr><tr><td style="white-space:nowrap">080111<a name="CodesystemMinisteroSaluteASL-080111"> </a></td><td>AZIENDA USL FORLI'</td></tr><tr><td style="white-space:nowrap">080112<a name="CodesystemMinisteroSaluteASL-080112"> </a></td><td>AZIENDA USL CESENA</td></tr><tr><td style="white-space:nowrap">080113<a name="CodesystemMinisteroSaluteASL-080113"> </a></td><td>AZIENDA USL RIMINI</td></tr><tr><td style="white-space:nowrap">080114<a name="CodesystemMinisteroSaluteASL-080114"> </a></td><td>AZIENDA USL DELLA ROMAGNA</td></tr><tr><td style="white-space:nowrap">090101<a name="CodesystemMinisteroSaluteASL-090101"> </a></td><td>MASSA CARRARA</td></tr><tr><td style="white-space:nowrap">090102<a name="CodesystemMinisteroSaluteASL-090102"> </a></td><td>LUCCA</td></tr><tr><td style="white-space:nowrap">090103<a name="CodesystemMinisteroSaluteASL-090103"> </a></td><td>PISTOIA</td></tr><tr><td style="white-space:nowrap">090104<a name="CodesystemMinisteroSaluteASL-090104"> </a></td><td>PRATO</td></tr><tr><td style="white-space:nowrap">090105<a name="CodesystemMinisteroSaluteASL-090105"> </a></td><td>PISA</td></tr><tr><td style="white-space:nowrap">090106<a name="CodesystemMinisteroSaluteASL-090106"> </a></td><td>LIVORNO</td></tr><tr><td style="white-space:nowrap">090107<a name="CodesystemMinisteroSaluteASL-090107"> </a></td><td>SIENA</td></tr><tr><td style="white-space:nowrap">090108<a name="CodesystemMinisteroSaluteASL-090108"> </a></td><td>AREZZO</td></tr><tr><td style="white-space:nowrap">090109<a name="CodesystemMinisteroSaluteASL-090109"> </a></td><td>GROSSETO</td></tr><tr><td style="white-space:nowrap">090110<a name="CodesystemMinisteroSaluteASL-090110"> </a></td><td>FIRENZE</td></tr><tr><td style="white-space:nowrap">090111<a name="CodesystemMinisteroSaluteASL-090111"> </a></td><td>EMPOLI</td></tr><tr><td style="white-space:nowrap">090112<a name="CodesystemMinisteroSaluteASL-090112"> </a></td><td>VERSILIA</td></tr><tr><td style="white-space:nowrap">090201<a name="CodesystemMinisteroSaluteASL-090201"> </a></td><td>AZIENDA USL TOSCANA CENTRO</td></tr><tr><td style="white-space:nowrap">090202<a name="CodesystemMinisteroSaluteASL-090202"> </a></td><td>AZIENDA USL TOSCANA NORD-OVEST</td></tr><tr><td style="white-space:nowrap">090203<a name="CodesystemMinisteroSaluteASL-090203"> </a></td><td>AZIENDA USL TOSCANA SUD-EST</td></tr><tr><td style="white-space:nowrap">100101<a name="CodesystemMinisteroSaluteASL-100101"> </a></td><td>ASL 1 - CITTA' DI CASTELLO</td></tr><tr><td style="white-space:nowrap">100102<a name="CodesystemMinisteroSaluteASL-100102"> </a></td><td>USL 2 - PERUGIA</td></tr><tr><td style="white-space:nowrap">100103<a name="CodesystemMinisteroSaluteASL-100103"> </a></td><td>ASL 3 - FOLIGNO</td></tr><tr><td style="white-space:nowrap">100201<a name="CodesystemMinisteroSaluteASL-100201"> </a></td><td>AUSL UMBRIA N. 1</td></tr><tr><td style="white-space:nowrap">100202<a name="CodesystemMinisteroSaluteASL-100202"> </a></td><td>AUSL UMBRIA N. 2</td></tr><tr><td style="white-space:nowrap">100204<a name="CodesystemMinisteroSaluteASL-100204"> </a></td><td>ASL 4 - TERNI</td></tr><tr><td style="white-space:nowrap">110201<a name="CodesystemMinisteroSaluteASL-110201"> </a></td><td>ASUR</td></tr><tr><td style="white-space:nowrap">120101<a name="CodesystemMinisteroSaluteASL-120101"> </a></td><td>RM/A</td></tr><tr><td style="white-space:nowrap">120102<a name="CodesystemMinisteroSaluteASL-120102"> </a></td><td>RM/B</td></tr><tr><td style="white-space:nowrap">120103<a name="CodesystemMinisteroSaluteASL-120103"> </a></td><td>RM/C</td></tr><tr><td style="white-space:nowrap">120104<a name="CodesystemMinisteroSaluteASL-120104"> </a></td><td>RM/D</td></tr><tr><td style="white-space:nowrap">120105<a name="CodesystemMinisteroSaluteASL-120105"> </a></td><td>RM/E</td></tr><tr><td style="white-space:nowrap">120106<a name="CodesystemMinisteroSaluteASL-120106"> </a></td><td>RM/F</td></tr><tr><td style="white-space:nowrap">120107<a name="CodesystemMinisteroSaluteASL-120107"> </a></td><td>RM/G</td></tr><tr><td style="white-space:nowrap">120108<a name="CodesystemMinisteroSaluteASL-120108"> </a></td><td>RM/H</td></tr><tr><td style="white-space:nowrap">120109<a name="CodesystemMinisteroSaluteASL-120109"> </a></td><td>VITERBO</td></tr><tr><td style="white-space:nowrap">120110<a name="CodesystemMinisteroSaluteASL-120110"> </a></td><td>RIETI</td></tr><tr><td style="white-space:nowrap">120111<a name="CodesystemMinisteroSaluteASL-120111"> </a></td><td>LATINA</td></tr><tr><td style="white-space:nowrap">120112<a name="CodesystemMinisteroSaluteASL-120112"> </a></td><td>FROSINONE</td></tr><tr><td style="white-space:nowrap">120201<a name="CodesystemMinisteroSaluteASL-120201"> </a></td><td>ROMA 1</td></tr><tr><td style="white-space:nowrap">120202<a name="CodesystemMinisteroSaluteASL-120202"> </a></td><td>ROMA 2</td></tr><tr><td style="white-space:nowrap">120203<a name="CodesystemMinisteroSaluteASL-120203"> </a></td><td>ROMA 3</td></tr><tr><td style="white-space:nowrap">120204<a name="CodesystemMinisteroSaluteASL-120204"> </a></td><td>ROMA 4</td></tr><tr><td style="white-space:nowrap">120205<a name="CodesystemMinisteroSaluteASL-120205"> </a></td><td>ROMA 5</td></tr><tr><td style="white-space:nowrap">120206<a name="CodesystemMinisteroSaluteASL-120206"> </a></td><td>ROMA 6</td></tr><tr><td style="white-space:nowrap">130201<a name="CodesystemMinisteroSaluteASL-130201"> </a></td><td>AVEZZANO-SULMONA-L'AQUILA</td></tr><tr><td style="white-space:nowrap">130202<a name="CodesystemMinisteroSaluteASL-130202"> </a></td><td>LANCIANO-VASTO-CHIETI</td></tr><tr><td style="white-space:nowrap">130203<a name="CodesystemMinisteroSaluteASL-130203"> </a></td><td>PESCARA</td></tr><tr><td style="white-space:nowrap">130204<a name="CodesystemMinisteroSaluteASL-130204"> </a></td><td>TERAMO</td></tr><tr><td style="white-space:nowrap">140201<a name="CodesystemMinisteroSaluteASL-140201"> </a></td><td>ASREM</td></tr><tr><td style="white-space:nowrap">150201<a name="CodesystemMinisteroSaluteASL-150201"> </a></td><td>A.S.L. AVELLINO</td></tr><tr><td style="white-space:nowrap">150202<a name="CodesystemMinisteroSaluteASL-150202"> </a></td><td>A.S.L. BENEVENTO</td></tr><tr><td style="white-space:nowrap">150203<a name="CodesystemMinisteroSaluteASL-150203"> </a></td><td>A.S.L. CASERTA</td></tr><tr><td style="white-space:nowrap">150204<a name="CodesystemMinisteroSaluteASL-150204"> </a></td><td>A.S.L. NAPOLI 1 CENTRO</td></tr><tr><td style="white-space:nowrap">150205<a name="CodesystemMinisteroSaluteASL-150205"> </a></td><td>A.S.L. NAPOLI 2 NORD</td></tr><tr><td style="white-space:nowrap">150206<a name="CodesystemMinisteroSaluteASL-150206"> </a></td><td>A.S.L. NAPOLI 3 SUD</td></tr><tr><td style="white-space:nowrap">150207<a name="CodesystemMinisteroSaluteASL-150207"> </a></td><td>A.S.L. SALERNO</td></tr><tr><td style="white-space:nowrap">160106<a name="CodesystemMinisteroSaluteASL-160106"> </a></td><td>ASL BR</td></tr><tr><td style="white-space:nowrap">160112<a name="CodesystemMinisteroSaluteASL-160112"> </a></td><td>ASL TA</td></tr><tr><td style="white-space:nowrap">160113<a name="CodesystemMinisteroSaluteASL-160113"> </a></td><td>ASL BT</td></tr><tr><td style="white-space:nowrap">160114<a name="CodesystemMinisteroSaluteASL-160114"> </a></td><td>ASL BA</td></tr><tr><td style="white-space:nowrap">160115<a name="CodesystemMinisteroSaluteASL-160115"> </a></td><td>ASL FG</td></tr><tr><td style="white-space:nowrap">160116<a name="CodesystemMinisteroSaluteASL-160116"> </a></td><td>ASL LE</td></tr><tr><td style="white-space:nowrap">170201<a name="CodesystemMinisteroSaluteASL-170201"> </a></td><td>AZIENDA SANITARIA LOCALE DI POTENZA ASP</td></tr><tr><td style="white-space:nowrap">170202<a name="CodesystemMinisteroSaluteASL-170202"> </a></td><td>AZIENDA SANITARIA LOCALE DI MATERA  ASM</td></tr><tr><td style="white-space:nowrap">180109<a name="CodesystemMinisteroSaluteASL-180109"> </a></td><td>LOCRI</td></tr><tr><td style="white-space:nowrap">180201<a name="CodesystemMinisteroSaluteASL-180201"> </a></td><td>A.S.P. COSENZA</td></tr><tr><td style="white-space:nowrap">180202<a name="CodesystemMinisteroSaluteASL-180202"> </a></td><td>A.S.P. CROTONE</td></tr><tr><td style="white-space:nowrap">180203<a name="CodesystemMinisteroSaluteASL-180203"> </a></td><td>A.S.P. CATANZARO</td></tr><tr><td style="white-space:nowrap">180204<a name="CodesystemMinisteroSaluteASL-180204"> </a></td><td>A.S.P. VIBO VALENTIA</td></tr><tr><td style="white-space:nowrap">180205<a name="CodesystemMinisteroSaluteASL-180205"> </a></td><td>A.S.P. REGGIO CALABRIA</td></tr><tr><td style="white-space:nowrap">190201<a name="CodesystemMinisteroSaluteASL-190201"> </a></td><td>ASP AGRIGENTO</td></tr><tr><td style="white-space:nowrap">190202<a name="CodesystemMinisteroSaluteASL-190202"> </a></td><td>ASP CALTANISSETTA</td></tr><tr><td style="white-space:nowrap">190203<a name="CodesystemMinisteroSaluteASL-190203"> </a></td><td>ASP CATANIA</td></tr><tr><td style="white-space:nowrap">190204<a name="CodesystemMinisteroSaluteASL-190204"> </a></td><td>ASP ENNA</td></tr><tr><td style="white-space:nowrap">190205<a name="CodesystemMinisteroSaluteASL-190205"> </a></td><td>ASP MESSINA</td></tr><tr><td style="white-space:nowrap">190206<a name="CodesystemMinisteroSaluteASL-190206"> </a></td><td>ASP PALERMO</td></tr><tr><td style="white-space:nowrap">190207<a name="CodesystemMinisteroSaluteASL-190207"> </a></td><td>ASP RAGUSA</td></tr><tr><td style="white-space:nowrap">190208<a name="CodesystemMinisteroSaluteASL-190208"> </a></td><td>ASP SIRACUSA</td></tr><tr><td style="white-space:nowrap">190209<a name="CodesystemMinisteroSaluteASL-190209"> </a></td><td>ASP DI TRAPANI</td></tr><tr><td style="white-space:nowrap">200101<a name="CodesystemMinisteroSaluteASL-200101"> </a></td><td>SASSARI</td></tr><tr><td style="white-space:nowrap">200102<a name="CodesystemMinisteroSaluteASL-200102"> </a></td><td>OLBIA</td></tr><tr><td style="white-space:nowrap">200103<a name="CodesystemMinisteroSaluteASL-200103"> </a></td><td>NUORO</td></tr><tr><td style="white-space:nowrap">200104<a name="CodesystemMinisteroSaluteASL-200104"> </a></td><td>LANUSEI</td></tr><tr><td style="white-space:nowrap">200105<a name="CodesystemMinisteroSaluteASL-200105"> </a></td><td>ORISTANO</td></tr><tr><td style="white-space:nowrap">200106<a name="CodesystemMinisteroSaluteASL-200106"> </a></td><td>SANLURI</td></tr><tr><td style="white-space:nowrap">200107<a name="CodesystemMinisteroSaluteASL-200107"> </a></td><td>CARBONIA</td></tr><tr><td style="white-space:nowrap">200108<a name="CodesystemMinisteroSaluteASL-200108"> </a></td><td>CAGLIARI</td></tr><tr><td style="white-space:nowrap">200201<a name="CodesystemMinisteroSaluteASL-200201"> </a></td><td>AZIENDA PER LA TUTELA DELLA SALUTE</td></tr></table></div>
  </text>
  <url value="https://terminology.agenas.gov.it/CodeSystem/minsan-fls"/>
  <version value="0.1.0"/>
  <name value="CodesystemMinisteroDellaSalute_ASL"/>
  <title value="Ministero della Salute - ASL"/>
  <status value="draft"/>
  <experimental value="true"/>
  <date value="2025-05-29T16:38:39+02:00"/>
  <publisher value="Example Publisher"/>
  <contact>
    <name value="Example Publisher"/>
    <telecom>
      <system value="url"/>
      <value value="http://example.org/example-publisher"/>
    </telecom>
  </contact>
  <description value="Definisce il sistema di terminologie da usare per il codice ASL ereditato da Hl7.it"/>
  <caseSensitive value="false"/>
  <versionNeeded value="false"/>
  <content value="complete"/>
  <count value="184"/>
  <concept>
    <code value="010201"/>
    <display value="TO1"/>
  </concept>
  <concept>
    <code value="010202"/>
    <display value="TO2"/>
  </concept>
  <concept>
    <code value="010203"/>
    <display value="TO3"/>
  </concept>
  <concept>
    <code value="010204"/>
    <display value="TO4"/>
  </concept>
  <concept>
    <code value="010205"/>
    <display value="TO5"/>
  </concept>
  <concept>
    <code value="010206"/>
    <display value="VC"/>
  </concept>
  <concept>
    <code value="010207"/>
    <display value="BI"/>
  </concept>
  <concept>
    <code value="010208"/>
    <display value="NO"/>
  </concept>
  <concept>
    <code value="010209"/>
    <display value="VCO"/>
  </concept>
  <concept>
    <code value="010210"/>
    <display value="CN1"/>
  </concept>
  <concept>
    <code value="010211"/>
    <display value="CN2"/>
  </concept>
  <concept>
    <code value="010212"/>
    <display value="AT"/>
  </concept>
  <concept>
    <code value="010213"/>
    <display value="AL"/>
  </concept>
  <concept>
    <code value="010301"/>
    <display value="ASL CITTA' DI TORINO"/>
  </concept>
  <concept>
    <code value="020101"/>
    <display value="AZIENDA U.S.L. VALLE D'AOSTA"/>
  </concept>
  <concept>
    <code value="030301"/>
    <display value="A.S.L. DELLA PROVINCIA DI BERGAMO"/>
  </concept>
  <concept>
    <code value="030302"/>
    <display value="A.S.L. DELLA PROVINCIA DI BRESCIA"/>
  </concept>
  <concept>
    <code value="030303"/>
    <display value="A.S.L. DELLA PROVINCIA DI COMO"/>
  </concept>
  <concept>
    <code value="030304"/>
    <display value="A.S.L. DELLA PROVINCIA DI CREMONA"/>
  </concept>
  <concept>
    <code value="030305"/>
    <display value="A.S.L. DELLA PROVINCIA DI LECCO"/>
  </concept>
  <concept>
    <code value="030306"/>
    <display value="A.S.L. DELLA PROVINCIA DI LODI"/>
  </concept>
  <concept>
    <code value="030307"/>
    <display value="A.S.L. DELLA PROVINCIA DI MANTOVA"/>
  </concept>
  <concept>
    <code value="030308"/>
    <display value="A.S.L. DI MILANO"/>
  </concept>
  <concept>
    <code value="030309"/>
    <display value="A.S.L. DELLA PROVINCIA DI MILANO 1"/>
  </concept>
  <concept>
    <code value="030310"/>
    <display value="A.S.L. DELLA PROVINCIA DI MILANO 2"/>
  </concept>
  <concept>
    <code value="030311"/>
    <display value="A.S.L. PROVINCIA DI MONZA E BRIANZA"/>
  </concept>
  <concept>
    <code value="030312"/>
    <display value="A.S.L. DELLA PROVINCIA DI PAVIA"/>
  </concept>
  <concept>
    <code value="030313"/>
    <display value="A.S.L. DELLA PROVINCIA DI SONDRIO"/>
  </concept>
  <concept>
    <code value="030314"/>
    <display value="A.S.L. DELLA PROVINCIA DI VARESE"/>
  </concept>
  <concept>
    <code value="030315"/>
    <display value="A.S.L. DI VALLECAMONICA-SEBINO"/>
  </concept>
  <concept>
    <code value="030321"/>
    <display value="ATS DELLA CITTA' METROPOLITANA DI MILANO"/>
  </concept>
  <concept>
    <code value="030322"/>
    <display value="ATS DELL'INSUBRIA"/>
  </concept>
  <concept>
    <code value="030323"/>
    <display value="ATS DELLA MONTAGNA"/>
  </concept>
  <concept>
    <code value="030324"/>
    <display value="ATS DELLA BRIANZA"/>
  </concept>
  <concept>
    <code value="030325"/>
    <display value="ATS DI BERGAMO"/>
  </concept>
  <concept>
    <code value="030326"/>
    <display value="ATS DI BRESCIA"/>
  </concept>
  <concept>
    <code value="030327"/>
    <display value="ATS DELLA VAL PADANA"/>
  </concept>
  <concept>
    <code value="030328"/>
    <display value="ATS DI PAVIA"/>
  </concept>
  <concept>
    <code value="041201"/>
    <display value="AZIENDA SANITARIA DELLA P.A. DI BOLZANO"/>
  </concept>
  <concept>
    <code value="042101"/>
    <display value="TRENTO"/>
  </concept>
  <concept>
    <code value="050101"/>
    <display value="BELLUNO"/>
  </concept>
  <concept>
    <code value="050102"/>
    <display value="FELTRE"/>
  </concept>
  <concept>
    <code value="050103"/>
    <display value="BASSANO DEL GRAPPA"/>
  </concept>
  <concept>
    <code value="050104"/>
    <display value="THIENE"/>
  </concept>
  <concept>
    <code value="050105"/>
    <display value="ARZIGNANO"/>
  </concept>
  <concept>
    <code value="050106"/>
    <display value="VICENZA"/>
  </concept>
  <concept>
    <code value="050107"/>
    <display value="PIEVE DI SOLIGO"/>
  </concept>
  <concept>
    <code value="050108"/>
    <display value="ASOLO"/>
  </concept>
  <concept>
    <code value="050109"/>
    <display value="TREVISO"/>
  </concept>
  <concept>
    <code value="050110"/>
    <display value="S. DONA' DI PIAVE"/>
  </concept>
  <concept>
    <code value="050112"/>
    <display value="VENEZIANA"/>
  </concept>
  <concept>
    <code value="050113"/>
    <display value="MIRANO"/>
  </concept>
  <concept>
    <code value="050114"/>
    <display value="CHIOGGIA"/>
  </concept>
  <concept>
    <code value="050115"/>
    <display value="CITTADELLA"/>
  </concept>
  <concept>
    <code value="050116"/>
    <display value="PADOVA"/>
  </concept>
  <concept>
    <code value="050117"/>
    <display value="MONSELICE"/>
  </concept>
  <concept>
    <code value="050118"/>
    <display value="ROVIGO"/>
  </concept>
  <concept>
    <code value="050119"/>
    <display value="ADRIA"/>
  </concept>
  <concept>
    <code value="050120"/>
    <display value="VERONA"/>
  </concept>
  <concept>
    <code value="050121"/>
    <display value="LEGNAGO"/>
  </concept>
  <concept>
    <code value="050122"/>
    <display value="BUSSOLENGO"/>
  </concept>
  <concept>
    <code value="050501"/>
    <display value="AZIENDA ULSS N. 1 DOLOMITI"/>
  </concept>
  <concept>
    <code value="050502"/>
    <display value="AZIENDA ULSS N. 2 MARCA TREVIGIANA"/>
  </concept>
  <concept>
    <code value="050503"/>
    <display value="AZIENDA ULSS N. 3 SERENISSIMA"/>
  </concept>
  <concept>
    <code value="050504"/>
    <display value="AZIENDA ULSS N. 4 VENETO ORIENTALE"/>
  </concept>
  <concept>
    <code value="050505"/>
    <display value="AZIENDA ULSS N. 5 POLESANA"/>
  </concept>
  <concept>
    <code value="050506"/>
    <display value="AZIENDA ULSS N. 6 EUGANEA"/>
  </concept>
  <concept>
    <code value="050507"/>
    <display value="AZIENDA ULSS N. 7 PEDEMONTANA"/>
  </concept>
  <concept>
    <code value="050508"/>
    <display value="AZIENDA ULSS N. 8 BERICA"/>
  </concept>
  <concept>
    <code value="050509"/>
    <display value="AZIENDA ULSS N. 9 SCALIGERA"/>
  </concept>
  <concept>
    <code value="060101"/>
    <display value="TRIESTINA"/>
  </concept>
  <concept>
    <code value="060102"/>
    <display value="ISONTINA"/>
  </concept>
  <concept>
    <code value="060103"/>
    <display value="ALTO FRIULI"/>
  </concept>
  <concept>
    <code value="060104"/>
    <display value="MEDIO FRIULI"/>
  </concept>
  <concept>
    <code value="060105"/>
    <display value="BASSA FRIULANA"/>
  </concept>
  <concept>
    <code value="060106"/>
    <display value="FRIULI OCCIDENTALE"/>
  </concept>
  <concept>
    <code value="060201"/>
    <display value="ASUI DI TRIESTE"/>
  </concept>
  <concept>
    <code value="060202"/>
    <display value="BASSA FRIULANA - ISONTINA"/>
  </concept>
  <concept>
    <code value="060203"/>
    <display value="ALTO FRIULI - COLLINARE - MEDIO FRIULI"/>
  </concept>
  <concept>
    <code value="060204"/>
    <display value="ASUI DI UDINE"/>
  </concept>
  <concept>
    <code value="060205"/>
    <display value="AS FRIULI OCCIDENTALE"/>
  </concept>
  <concept>
    <code value="060206"/>
    <display value="ASU FRIULI CENTRALE"/>
  </concept>
  <concept>
    <code value="060207"/>
    <display value="ASU GIULIANO ISONTINA"/>
  </concept>
  <concept>
    <code value="070101"/>
    <display value="IMPERIESE"/>
  </concept>
  <concept>
    <code value="070102"/>
    <display value="SAVONESE"/>
  </concept>
  <concept>
    <code value="070103"/>
    <display value="GENOVESE"/>
  </concept>
  <concept>
    <code value="070104"/>
    <display value="CHIAVARESE"/>
  </concept>
  <concept>
    <code value="070105"/>
    <display value="SPEZZINO"/>
  </concept>
  <concept>
    <code value="080101"/>
    <display value="AZIENDA USL PIACENZA"/>
  </concept>
  <concept>
    <code value="080102"/>
    <display value="AZIENDA USL PARMA"/>
  </concept>
  <concept>
    <code value="080103"/>
    <display value="AZIENDA USL REGGIO EMILIA"/>
  </concept>
  <concept>
    <code value="080104"/>
    <display value="AZIENDA USL MODENA"/>
  </concept>
  <concept>
    <code value="080105"/>
    <display value="AZIENDA USL BOLOGNA"/>
  </concept>
  <concept>
    <code value="080106"/>
    <display value="AZIENDA USL IMOLA"/>
  </concept>
  <concept>
    <code value="080109"/>
    <display value="AZIENDA USL FERRARA"/>
  </concept>
  <concept>
    <code value="080110"/>
    <display value="AZIENDA USL RAVENNA"/>
  </concept>
  <concept>
    <code value="080111"/>
    <display value="AZIENDA USL FORLI'"/>
  </concept>
  <concept>
    <code value="080112"/>
    <display value="AZIENDA USL CESENA"/>
  </concept>
  <concept>
    <code value="080113"/>
    <display value="AZIENDA USL RIMINI"/>
  </concept>
  <concept>
    <code value="080114"/>
    <display value="AZIENDA USL DELLA ROMAGNA"/>
  </concept>
  <concept>
    <code value="090101"/>
    <display value="MASSA CARRARA"/>
  </concept>
  <concept>
    <code value="090102"/>
    <display value="LUCCA"/>
  </concept>
  <concept>
    <code value="090103"/>
    <display value="PISTOIA"/>
  </concept>
  <concept>
    <code value="090104"/>
    <display value="PRATO"/>
  </concept>
  <concept>
    <code value="090105"/>
    <display value="PISA"/>
  </concept>
  <concept>
    <code value="090106"/>
    <display value="LIVORNO"/>
  </concept>
  <concept>
    <code value="090107"/>
    <display value="SIENA"/>
  </concept>
  <concept>
    <code value="090108"/>
    <display value="AREZZO"/>
  </concept>
  <concept>
    <code value="090109"/>
    <display value="GROSSETO"/>
  </concept>
  <concept>
    <code value="090110"/>
    <display value="FIRENZE"/>
  </concept>
  <concept>
    <code value="090111"/>
    <display value="EMPOLI"/>
  </concept>
  <concept>
    <code value="090112"/>
    <display value="VERSILIA"/>
  </concept>
  <concept>
    <code value="090201"/>
    <display value="AZIENDA USL TOSCANA CENTRO"/>
  </concept>
  <concept>
    <code value="090202"/>
    <display value="AZIENDA USL TOSCANA NORD-OVEST"/>
  </concept>
  <concept>
    <code value="090203"/>
    <display value="AZIENDA USL TOSCANA SUD-EST"/>
  </concept>
  <concept>
    <code value="100101"/>
    <display value="ASL 1 - CITTA' DI CASTELLO"/>
  </concept>
  <concept>
    <code value="100102"/>
    <display value="USL 2 - PERUGIA"/>
  </concept>
  <concept>
    <code value="100103"/>
    <display value="ASL 3 - FOLIGNO"/>
  </concept>
  <concept>
    <code value="100201"/>
    <display value="AUSL UMBRIA N. 1"/>
  </concept>
  <concept>
    <code value="100202"/>
    <display value="AUSL UMBRIA N. 2"/>
  </concept>
  <concept>
    <code value="100204"/>
    <display value="ASL 4 - TERNI"/>
  </concept>
  <concept>
    <code value="110201"/>
    <display value="ASUR"/>
  </concept>
  <concept>
    <code value="120101"/>
    <display value="RM/A"/>
  </concept>
  <concept>
    <code value="120102"/>
    <display value="RM/B"/>
  </concept>
  <concept>
    <code value="120103"/>
    <display value="RM/C"/>
  </concept>
  <concept>
    <code value="120104"/>
    <display value="RM/D"/>
  </concept>
  <concept>
    <code value="120105"/>
    <display value="RM/E"/>
  </concept>
  <concept>
    <code value="120106"/>
    <display value="RM/F"/>
  </concept>
  <concept>
    <code value="120107"/>
    <display value="RM/G"/>
  </concept>
  <concept>
    <code value="120108"/>
    <display value="RM/H"/>
  </concept>
  <concept>
    <code value="120109"/>
    <display value="VITERBO"/>
  </concept>
  <concept>
    <code value="120110"/>
    <display value="RIETI"/>
  </concept>
  <concept>
    <code value="120111"/>
    <display value="LATINA"/>
  </concept>
  <concept>
    <code value="120112"/>
    <display value="FROSINONE"/>
  </concept>
  <concept>
    <code value="120201"/>
    <display value="ROMA 1"/>
  </concept>
  <concept>
    <code value="120202"/>
    <display value="ROMA 2"/>
  </concept>
  <concept>
    <code value="120203"/>
    <display value="ROMA 3"/>
  </concept>
  <concept>
    <code value="120204"/>
    <display value="ROMA 4"/>
  </concept>
  <concept>
    <code value="120205"/>
    <display value="ROMA 5"/>
  </concept>
  <concept>
    <code value="120206"/>
    <display value="ROMA 6"/>
  </concept>
  <concept>
    <code value="130201"/>
    <display value="AVEZZANO-SULMONA-L'AQUILA"/>
  </concept>
  <concept>
    <code value="130202"/>
    <display value="LANCIANO-VASTO-CHIETI"/>
  </concept>
  <concept>
    <code value="130203"/>
    <display value="PESCARA"/>
  </concept>
  <concept>
    <code value="130204"/>
    <display value="TERAMO"/>
  </concept>
  <concept>
    <code value="140201"/>
    <display value="ASREM"/>
  </concept>
  <concept>
    <code value="150201"/>
    <display value="A.S.L. AVELLINO"/>
  </concept>
  <concept>
    <code value="150202"/>
    <display value="A.S.L. BENEVENTO"/>
  </concept>
  <concept>
    <code value="150203"/>
    <display value="A.S.L. CASERTA"/>
  </concept>
  <concept>
    <code value="150204"/>
    <display value="A.S.L. NAPOLI 1 CENTRO"/>
  </concept>
  <concept>
    <code value="150205"/>
    <display value="A.S.L. NAPOLI 2 NORD"/>
  </concept>
  <concept>
    <code value="150206"/>
    <display value="A.S.L. NAPOLI 3 SUD"/>
  </concept>
  <concept>
    <code value="150207"/>
    <display value="A.S.L. SALERNO"/>
  </concept>
  <concept>
    <code value="160106"/>
    <display value="ASL BR"/>
  </concept>
  <concept>
    <code value="160112"/>
    <display value="ASL TA"/>
  </concept>
  <concept>
    <code value="160113"/>
    <display value="ASL BT"/>
  </concept>
  <concept>
    <code value="160114"/>
    <display value="ASL BA"/>
  </concept>
  <concept>
    <code value="160115"/>
    <display value="ASL FG"/>
  </concept>
  <concept>
    <code value="160116"/>
    <display value="ASL LE"/>
  </concept>
  <concept>
    <code value="170201"/>
    <display value="AZIENDA SANITARIA LOCALE DI POTENZA ASP"/>
  </concept>
  <concept>
    <code value="170202"/>
    <display value="AZIENDA SANITARIA LOCALE DI MATERA  ASM"/>
  </concept>
  <concept>
    <code value="180109"/>
    <display value="LOCRI"/>
  </concept>
  <concept>
    <code value="180201"/>
    <display value="A.S.P. COSENZA"/>
  </concept>
  <concept>
    <code value="180202"/>
    <display value="A.S.P. CROTONE"/>
  </concept>
  <concept>
    <code value="180203"/>
    <display value="A.S.P. CATANZARO"/>
  </concept>
  <concept>
    <code value="180204"/>
    <display value="A.S.P. VIBO VALENTIA"/>
  </concept>
  <concept>
    <code value="180205"/>
    <display value="A.S.P. REGGIO CALABRIA"/>
  </concept>
  <concept>
    <code value="190201"/>
    <display value="ASP AGRIGENTO"/>
  </concept>
  <concept>
    <code value="190202"/>
    <display value="ASP CALTANISSETTA"/>
  </concept>
  <concept>
    <code value="190203"/>
    <display value="ASP CATANIA"/>
  </concept>
  <concept>
    <code value="190204"/>
    <display value="ASP ENNA"/>
  </concept>
  <concept>
    <code value="190205"/>
    <display value="ASP MESSINA"/>
  </concept>
  <concept>
    <code value="190206"/>
    <display value="ASP PALERMO"/>
  </concept>
  <concept>
    <code value="190207"/>
    <display value="ASP RAGUSA"/>
  </concept>
  <concept>
    <code value="190208"/>
    <display value="ASP SIRACUSA"/>
  </concept>
  <concept>
    <code value="190209"/>
    <display value="ASP DI TRAPANI"/>
  </concept>
  <concept>
    <code value="200101"/>
    <display value="SASSARI"/>
  </concept>
  <concept>
    <code value="200102"/>
    <display value="OLBIA"/>
  </concept>
  <concept>
    <code value="200103"/>
    <display value="NUORO"/>
  </concept>
  <concept>
    <code value="200104"/>
    <display value="LANUSEI"/>
  </concept>
  <concept>
    <code value="200105"/>
    <display value="ORISTANO"/>
  </concept>
  <concept>
    <code value="200106"/>
    <display value="SANLURI"/>
  </concept>
  <concept>
    <code value="200107"/>
    <display value="CARBONIA"/>
  </concept>
  <concept>
    <code value="200108"/>
    <display value="CAGLIARI"/>
  </concept>
  <concept>
    <code value="200201"/>
    <display value="AZIENDA PER LA TUTELA DELLA SALUTE"/>
  </concept>
</CodeSystem>