{
  "codeSystems" : [
    {
      "url" : "http://loinc.org",
      "version" : "3.1.0",
      "status" : "active",
      "name" : "LOINC",
      "title" : "Logical Observation Identifiers, Names and Codes (LOINC)",
      "description" : "LOINC provides a set of universal names and ID codes for identifying laboratory and clinical test results.1,2 LOINC facilitates the exchange and pooling of results, such as blood hemoglobin, serum potassium, or vital signs, for clinical care, outcomes management, and research. LOINC's universal identifiers (names and codes) can be used in the context of order and observation exchanges between information systems that use syntax standards such as HL73, CEN TC251, ISO TC215, ASTM4, and DICOM. Specifically, the identifier can be used as the coded value for an observation in any other standard that uses the observation/observation value paradigm, whether messages, documents, application programming interface (API), etc. For example, LOINC codes are used widely in the OBX segment Observation Identifier field (OBX-3) of an ORU HL7 (HL7 version 2.x or ASTM 1238-9410) message that may be sent between a Clinical Laboratory Information Management Systems (LIMS) and Electronic Health Record Systems (EHR).5, 6 In this way, LOINC codes provide universal identifiers that allow the exchange of clinical data between heterogeneous computing environments.",
      "oids" : ["2.16.840.1.113883.6.1"],
      "uses" : {
      },
      "ValueSet-vsTipologiaDocumentale.html" : "VS - Tipologia documentale"
    },
    {
      "url" : "http://snomed.info/sct",
      "version" : null,
      "status" : "active",
      "name" : "SNOMED_CT",
      "title" : "SNOMED CT (all versions)",
      "description" : "SNOMED CT is the most comprehensive and precise clinical health terminology product in the world, owned and distributed around the world by The International Health Terminology Standards Development Organisation (IHTSDO).",
      "oids" : ["2.16.840.1.113883.6.96"],
      "uses" : {
      },
      "ValueSet-TipologiaAttivitaPianoDiTelemonitoraggio.html" : "Tipologia di attività nel Piano di Telemonitoraggio"
    },
    {
      "url" : "http://terminology.hl7.org/CodeSystem/v2-0203",
      "version" : "4.0.0",
      "status" : "active",
      "name" : "IdentifierType",
      "title" : "identifierType",
      "description" : "HL7-defined code system of concepts specifying type of identifier. Used in HL7 Version 2.x messaging data types CX, PLN, PPN, XCN and XON.",
      "oids" : ["2.16.840.1.113883.18.108"],
      "uses" : {
      },
      "ValueSet-VstipoIdentificatore.html" : "Tipo identificatore"
    },
    {
      "url" : "https://agenas.gov.it/fhir/CodeSystem/CsCatalogoNazionalePrestazioni",
      "version" : "0.1.0",
      "status" : "draft",
      "name" : "CsCatalogoNazionalePrestazioni",
      "title" : "Codesystem catalogo nazionale prestazioni",
      "description" : "Definisce il sistema di terminologie da usare per i codici prestazione definiti dal catalogo nazionale",
      "uses" : {
      },
      "ValueSet-ValueSetCatalogoNazionalePrestazioni.html" : "ValueSet per Catalogo Nazionale Prestazioni",
      "ValueSet-VsCatalogoNazionalePrestazioni.html" : "ValueSet for Codesystem catalogo nazionale prestazioni"
    },
    {
      "url" : "https://agenas.gov.it/fhir/CodeSystem/branca-prestazione",
      "version" : "0.1.0",
      "status" : "active",
      "name" : "BrancaPrestazione",
      "title" : "Branca Prestazione",
      "description" : "CodeSystem contenente le branche.",
      "uses" : {
      },
      "ValueSet-specialita-mediche.html" : "ValueSet Specialità Mediche"
    },
    {
      "url" : "https://agenas.gov.it/fhir/CodeSystem/cs-tipo-ricetta",
      "version" : "0.1.0",
      "status" : "active",
      "name" : "CsTipoRicetta",
      "title" : "Codici Assistenza per Stranieri",
      "description" : "Codici identificativi per tipologie di assistenza a stranieri in temporaneo soggiorno, secondo classificazioni italiane ed europee.",
      "uses" : {
      },
      "ValueSet-vs-tipo-ricetta.html" : "ValueSet per Codici Assistenza Stranieri"
    },
    {
      "url" : "https://agenas.gov.it/fhir/CodeSystem/csAmbitoTelemedicina",
      "version" : "0.1.0",
      "status" : "draft",
      "name" : "CodeSystem_ambitoTelemedicina",
      "title" : "CodeSystem per gli ambiti della telemedicina",
      "description" : "Definisce il sistema di terminologie da usare per i codici degli ambiti di telemedicina",
      "uses" : {
      },
      "ValueSet-vsAmbitoTelemedicina.html" : "ValueSet per gli ambiti di telemedicina"
    },
    {
      "url" : "https://agenas.gov.it/fhir/CodeSystem/csTipologiaPiano",
      "version" : "0.1.0",
      "status" : "draft",
      "name" : "CodeSystem_tipologia_piano",
      "title" : "CodeSystem per la tipologia del piano",
      "description" : "Definisce il sistema di terminologie da usare per i codici delle tipologie di piano",
      "uses" : {
      },
      "ValueSet-tipologia-piano.html" : "ValueSet_TipologiaPiano"
    },
    {
      "url" : "https://agenas.gov.it/fhir/CodeSystem/csspecialityPractitionerRole",
      "version" : "0.1.0",
      "status" : "draft",
      "name" : "CodeSystem_per_specialita_PractitionerRole",
      "title" : "CodeSystem per specialita PractitionerRole",
      "description" : "Definisce il sistema di terminologie da usare per i codici delle specialità cliniche e delle discipline ospedaliere. (19A00915) (GU Serie Generale n.38 del 14-02-2019)",
      "uses" : {
      },
      "ValueSet-vsspecialityPractitionerRole.html" : "ValueSet per  specialita PractitionerRole"
    },
    {
      "url" : "https://agenas.gov.it/fhir/CodeSystem/diagnosi-icd9cm",
      "version" : "0.1.0",
      "status" : "draft",
      "name" : "CodeSystem_DiagnosiICD9CM",
      "title" : "Codesystem diagnosi ICD-9-CM",
      "description" : "Definisce il sistema di terminologie da usare per le diagnosi secondo ICD-9-CM.",
      "uses" : {
      },
      "ValueSet-diagnosi-icd9cm.html" : "Diagnosi ICD-9-CM - Tutti i codici"
    },
    {
      "url" : "https://agenas.gov.it/fhir/CodeSystem/dug",
      "version" : "0.1.0",
      "status" : "draft",
      "name" : "CsIstatDug",
      "title" : "ISTAT - Registro delle Denominazioni Urbanistiche Generiche (DUG)",
      "description" : "ISTAT - Registro delle Denominazioni Urbanistiche Generiche (DUG)",
      "uses" : {
      },
      "ValueSet-istat-dug.html" : "ISTAT - DUG"
    },
    {
      "url" : "https://terminology.agenas.gov.it/CodeSystem/minsan-fls",
      "version" : "0.1.0",
      "status" : "draft",
      "name" : "CodesystemMinisteroDellaSalute_ASL",
      "title" : "Ministero della Salute - ASL",
      "description" : "Definisce il sistema di terminologie da usare per il codice ASL ereditato da Hl7.it",
      "uses" : {
      },
      "ValueSet-ValuesetMinisteroSaluteidASL.html" : "Valueset Ministero della Salute - ID ASL"
    }
  ]
}
