{
  "codeSystems" : [
    {
      "url" : "https://agenas.gov.it/fhir/CodeSystem/CsCatalogoNazionalePrestazioni",
      "version" : "0.1.0",
      "status" : "draft",
      "name" : "CsCatalogoNazionalePrestazioni",
      "title" : "Codesystem catalogo nazionale prestazioni",
      "description" : "Definisce il sistema di terminologie da usare per i codici prestazione definiti dal catalogo nazionale"
    },
    {
      "url" : "https://agenas.gov.it/fhir/CodeSystem/branca-prestazione",
      "version" : "0.1.0",
      "status" : "active",
      "name" : "BrancaPrestazione",
      "title" : "Branca Prestazione",
      "description" : "CodeSystem contenente le branche."
    },
    {
      "url" : "https://agenas.gov.it/fhir/CodeSystem/cs-tipo-ricetta",
      "version" : "0.1.0",
      "status" : "active",
      "name" : "CsTipoRicetta",
      "title" : "Codici Assistenza per Stranieri",
      "description" : "Codici identificativi per tipologie di assistenza a stranieri in temporaneo soggiorno, secondo classificazioni italiane ed europee."
    },
    {
      "url" : "https://agenas.gov.it/fhir/CodeSystem/csAmbitoTelemedicina",
      "version" : "0.1.0",
      "status" : "draft",
      "name" : "CodeSystem_ambitoTelemedicina",
      "title" : "CodeSystem per gli ambiti della telemedicina",
      "description" : "Definisce il sistema di terminologie da usare per i codici degli ambiti di telemedicina"
    },
    {
      "url" : "https://agenas.gov.it/fhir/CodeSystem/csTipologiaPiano",
      "version" : "0.1.0",
      "status" : "draft",
      "name" : "CodeSystem_tipologia_piano",
      "title" : "CodeSystem per la tipologia del piano",
      "description" : "Definisce il sistema di terminologie da usare per i codici delle tipologie di piano"
    },
    {
      "url" : "https://agenas.gov.it/fhir/CodeSystem/csspecialityPractitionerRole",
      "version" : "0.1.0",
      "status" : "draft",
      "name" : "CodeSystem_per_specialita_PractitionerRole",
      "title" : "CodeSystem per specialita PractitionerRole",
      "description" : "Definisce il sistema di terminologie da usare per i codici delle specialità cliniche e delle discipline ospedaliere. (19A00915) (GU Serie Generale n.38 del 14-02-2019)"
    },
    {
      "url" : "https://agenas.gov.it/fhir/CodeSystem/diagnosi-icd9cm",
      "version" : "0.1.0",
      "status" : "draft",
      "name" : "CodeSystem_DiagnosiICD9CM",
      "title" : "Codesystem diagnosi ICD-9-CM",
      "description" : "Definisce il sistema di terminologie da usare per le diagnosi secondo ICD-9-CM."
    },
    {
      "url" : "https://agenas.gov.it/fhir/CodeSystem/dug",
      "version" : "0.1.0",
      "status" : "draft",
      "name" : "CsIstatDug",
      "title" : "ISTAT - Registro delle Denominazioni Urbanistiche Generiche (DUG)",
      "description" : "ISTAT - Registro delle Denominazioni Urbanistiche Generiche (DUG)"
    },
    {
      "url" : "https://terminology.agenas.gov.it/CodeSystem/CodesystemCatalogoNazionalePrestazioni",
      "version" : "0.1.0",
      "status" : "draft",
      "name" : "CodesystemCatalogoNazionalePrestazioni",
      "title" : "Codesystem catalogo nazionale prestazioni",
      "description" : "Definisce il sistema di terminologie da usare per i codici prestazione definiti dal catalogo nazionale"
    },
    {
      "url" : "https://terminology.agenas.gov.it/CodeSystem/minsan-fls",
      "version" : "0.1.0",
      "status" : "draft",
      "name" : "CodesystemMinisteroDellaSalute_ASL",
      "title" : "Ministero della Salute - ASL",
      "description" : "Definisce il sistema di terminologie da usare per il codice ASL ereditato da Hl7.it"
    }
  ]
}
