{
  "resourceType" : "CodeSystem",
  "id" : "branca-prestazione",
  "text" : {
    "status" : "generated",
    "div" : "<div xmlns=\"http://www.w3.org/1999/xhtml\"><p class=\"res-header-id\"><b>Generated Narrative: CodeSystem branca-prestazione</b></p><a name=\"branca-prestazione\"> </a><a name=\"hcbranca-prestazione\"> </a><a name=\"branca-prestazione-en-US\"> </a><p>This  code system <code>https://agenas.gov.it/fhir/CodeSystem/branca-prestazione</code> defines the following codes:</p><table class=\"codes\"><tr><td style=\"white-space:nowrap\"><b>Code</b></td><td><b>Display</b></td></tr><tr><td style=\"white-space:nowrap\">01<a name=\"branca-prestazione-01\"> </a></td><td>Anestesia</td></tr><tr><td style=\"white-space:nowrap\">02<a name=\"branca-prestazione-02\"> </a></td><td>Cardiologia</td></tr><tr><td style=\"white-space:nowrap\">03<a name=\"branca-prestazione-03\"> </a></td><td>Chirurgia generale</td></tr><tr><td style=\"white-space:nowrap\">04<a name=\"branca-prestazione-04\"> </a></td><td>Chirurgia plastica</td></tr><tr><td style=\"white-space:nowrap\">05<a name=\"branca-prestazione-05\"> </a></td><td>Chirurgia vascolare – Angiologia</td></tr><tr><td style=\"white-space:nowrap\">06<a name=\"branca-prestazione-06\"> </a></td><td>Dermosifilopatia</td></tr><tr><td style=\"white-space:nowrap\">07<a name=\"branca-prestazione-07\"> </a></td><td>Diagnostica per immagini - Medicina nucleare</td></tr><tr><td style=\"white-space:nowrap\">08<a name=\"branca-prestazione-08\"> </a></td><td>Diagnostica per immagini - Radiologia diagnostica</td></tr><tr><td style=\"white-space:nowrap\">09<a name=\"branca-prestazione-09\"> </a></td><td>Endocrinologia</td></tr><tr><td style=\"white-space:nowrap\">10<a name=\"branca-prestazione-10\"> </a></td><td>Gastroenterologia - Chirurgia ed endoscopia digestiva</td></tr><tr><td style=\"white-space:nowrap\">11<a name=\"branca-prestazione-11\"> </a></td><td>Lab. analisi chimico cliniche e microbiologiche - Microbiologia – Virologia - Anatomia e istologia patologica - GeneticaImmunoematologia e s. trasf.</td></tr><tr><td style=\"white-space:nowrap\">12<a name=\"branca-prestazione-12\"> </a></td><td>Medicina fisica e riabilitazione - Recupero e riabilitazione funzionale dei motulesi e neurolesi</td></tr><tr><td style=\"white-space:nowrap\">13<a name=\"branca-prestazione-13\"> </a></td><td>Nefrologia</td></tr><tr><td style=\"white-space:nowrap\">14<a name=\"branca-prestazione-14\"> </a></td><td>Neurochirurgia</td></tr><tr><td style=\"white-space:nowrap\">15<a name=\"branca-prestazione-15\"> </a></td><td>Neurologia</td></tr><tr><td style=\"white-space:nowrap\">16<a name=\"branca-prestazione-16\"> </a></td><td>Oculistica</td></tr><tr><td style=\"white-space:nowrap\">17<a name=\"branca-prestazione-17\"> </a></td><td>Odontostomatologia - Chirurgia maxillo facciale</td></tr><tr><td style=\"white-space:nowrap\">18<a name=\"branca-prestazione-18\"> </a></td><td>Oncologia</td></tr><tr><td style=\"white-space:nowrap\">19<a name=\"branca-prestazione-19\"> </a></td><td>Ortopedia e traumatologia</td></tr><tr><td style=\"white-space:nowrap\">20<a name=\"branca-prestazione-20\"> </a></td><td>Ostetricia e ginecologia</td></tr><tr><td style=\"white-space:nowrap\">21<a name=\"branca-prestazione-21\"> </a></td><td>Otorinolaringoiatria</td></tr><tr><td style=\"white-space:nowrap\">22<a name=\"branca-prestazione-22\"> </a></td><td>Pneumologia</td></tr><tr><td style=\"white-space:nowrap\">23<a name=\"branca-prestazione-23\"> </a></td><td>Psichiatria</td></tr><tr><td style=\"white-space:nowrap\">24<a name=\"branca-prestazione-24\"> </a></td><td>Radioterapia</td></tr><tr><td style=\"white-space:nowrap\">25<a name=\"branca-prestazione-25\"> </a></td><td>Urologia</td></tr><tr><td style=\"white-space:nowrap\">26<a name=\"branca-prestazione-26\"> </a></td><td>Altro</td></tr></table></div>"
  },
  "url" : "https://agenas.gov.it/fhir/CodeSystem/branca-prestazione",
  "version" : "0.1.0",
  "name" : "BrancaPrestazione",
  "title" : "Branca Prestazione",
  "status" : "active",
  "date" : "2025-05-29T16:38:39+02:00",
  "publisher" : "Example Publisher",
  "contact" : [{
    "name" : "Example Publisher",
    "telecom" : [{
      "system" : "url",
      "value" : "http://example.org/example-publisher"
    }]
  }],
  "description" : "CodeSystem contenente le branche.",
  "content" : "complete",
  "count" : 26,
  "concept" : [{
    "code" : "01",
    "display" : "Anestesia"
  },
  {
    "code" : "02",
    "display" : "Cardiologia"
  },
  {
    "code" : "03",
    "display" : "Chirurgia generale"
  },
  {
    "code" : "04",
    "display" : "Chirurgia plastica"
  },
  {
    "code" : "05",
    "display" : "Chirurgia vascolare – Angiologia"
  },
  {
    "code" : "06",
    "display" : "Dermosifilopatia"
  },
  {
    "code" : "07",
    "display" : "Diagnostica per immagini - Medicina nucleare"
  },
  {
    "code" : "08",
    "display" : "Diagnostica per immagini - Radiologia diagnostica"
  },
  {
    "code" : "09",
    "display" : "Endocrinologia"
  },
  {
    "code" : "10",
    "display" : "Gastroenterologia - Chirurgia ed endoscopia digestiva"
  },
  {
    "code" : "11",
    "display" : "Lab. analisi chimico cliniche e microbiologiche - Microbiologia – Virologia - Anatomia e istologia patologica - GeneticaImmunoematologia e s. trasf."
  },
  {
    "code" : "12",
    "display" : "Medicina fisica e riabilitazione - Recupero e riabilitazione funzionale dei motulesi e neurolesi"
  },
  {
    "code" : "13",
    "display" : "Nefrologia"
  },
  {
    "code" : "14",
    "display" : "Neurochirurgia"
  },
  {
    "code" : "15",
    "display" : "Neurologia"
  },
  {
    "code" : "16",
    "display" : "Oculistica"
  },
  {
    "code" : "17",
    "display" : "Odontostomatologia - Chirurgia maxillo facciale"
  },
  {
    "code" : "18",
    "display" : "Oncologia"
  },
  {
    "code" : "19",
    "display" : "Ortopedia e traumatologia"
  },
  {
    "code" : "20",
    "display" : "Ostetricia e ginecologia"
  },
  {
    "code" : "21",
    "display" : "Otorinolaringoiatria"
  },
  {
    "code" : "22",
    "display" : "Pneumologia"
  },
  {
    "code" : "23",
    "display" : "Psichiatria"
  },
  {
    "code" : "24",
    "display" : "Radioterapia"
  },
  {
    "code" : "25",
    "display" : "Urologia"
  },
  {
    "code" : "26",
    "display" : "Altro"
  }]
}