<?xml version="1.0" encoding="UTF-8"?>

<CodeSystem xmlns="http://hl7.org/fhir">
  <id value="csAmbitoTelemedicina"/>
  <text>
    <status value="generated"/><div xmlns="http://www.w3.org/1999/xhtml"><p class="res-header-id"><b>Generated Narrative: CodeSystem csAmbitoTelemedicina</b></p><a name="csAmbitoTelemedicina"> </a><a name="hccsAmbitoTelemedicina"> </a><a name="csAmbitoTelemedicina-en-US"> </a><p>This  code system <code>https://agenas.gov.it/fhir/CodeSystem/csAmbitoTelemedicina</code> defines the following codes:</p><table class="codes"><tr><td style="white-space:nowrap"><b>Code</b></td><td><b>Display</b></td></tr><tr><td style="white-space:nowrap">0<a name="csAmbitoTelemedicina-0"> </a></td><td>Richiesta Teleconsulto</td></tr><tr><td style="white-space:nowrap">1<a name="csAmbitoTelemedicina-1"> </a></td><td>Erogazione Teleconsulto</td></tr><tr><td style="white-space:nowrap">2<a name="csAmbitoTelemedicina-2"> </a></td><td>Relazione collaborativa per il teleconsulto/teleconsulenza</td></tr><tr><td style="white-space:nowrap">3<a name="csAmbitoTelemedicina-3"> </a></td><td>Relazione finale di Teleassistenza</td></tr><tr><td style="white-space:nowrap">4<a name="csAmbitoTelemedicina-4"> </a></td><td>Referto Televisita</td></tr><tr><td style="white-space:nowrap">5<a name="csAmbitoTelemedicina-5"> </a></td><td>Tesserino dispositivi per il Telemonitoraggio</td></tr><tr><td style="white-space:nowrap">6<a name="csAmbitoTelemedicina-6"> </a></td><td>Piano di Telemonitoraggio</td></tr><tr><td style="white-space:nowrap">7<a name="csAmbitoTelemedicina-7"> </a></td><td>Piano di Teleassistenza</td></tr><tr><td style="white-space:nowrap">8<a name="csAmbitoTelemedicina-8"> </a></td><td>Report rilevazioni Telemonitoraggio</td></tr><tr><td style="white-space:nowrap">9<a name="csAmbitoTelemedicina-9"> </a></td><td>Relazione finale prestazione di Telemonitoraggio/Teleriabilitazione</td></tr></table></div>
  </text>
  <url value="https://agenas.gov.it/fhir/CodeSystem/csAmbitoTelemedicina"/>
  <version value="0.1.0"/>
  <name value="CodeSystem_ambitoTelemedicina"/>
  <title value="CodeSystem per gli ambiti della telemedicina"/>
  <status value="draft"/>
  <date value="2025-05-29T16:38:39+02:00"/>
  <publisher value="Example Publisher"/>
  <contact>
    <name value="Example Publisher"/>
    <telecom>
      <system value="url"/>
      <value value="http://example.org/example-publisher"/>
    </telecom>
  </contact>
  <description value="Definisce il sistema di terminologie da usare per i codici degli ambiti di telemedicina"/>
  <content value="complete"/>
  <count value="10"/>
  <concept>
    <code value="0"/>
    <display value="Richiesta Teleconsulto"/>
  </concept>
  <concept>
    <code value="1"/>
    <display value="Erogazione Teleconsulto"/>
  </concept>
  <concept>
    <code value="2"/>
    <display value="Relazione collaborativa per il teleconsulto/teleconsulenza"/>
  </concept>
  <concept>
    <code value="3"/>
    <display value="Relazione finale di Teleassistenza"/>
  </concept>
  <concept>
    <code value="4"/>
    <display value="Referto Televisita"/>
  </concept>
  <concept>
    <code value="5"/>
    <display value="Tesserino dispositivi per il Telemonitoraggio"/>
  </concept>
  <concept>
    <code value="6"/>
    <display value="Piano di Telemonitoraggio"/>
  </concept>
  <concept>
    <code value="7"/>
    <display value="Piano di Teleassistenza"/>
  </concept>
  <concept>
    <code value="8"/>
    <display value="Report rilevazioni Telemonitoraggio"/>
  </concept>
  <concept>
    <code value="9"/>
    <display value="Relazione finale prestazione di Telemonitoraggio/Teleriabilitazione"/>
  </concept>
</CodeSystem>