{
  "resourceType" : "CodeSystem",
  "id" : "csTipologiaPiano",
  "text" : {
    "status" : "generated",
    "div" : "<div xmlns=\"http://www.w3.org/1999/xhtml\"><p class=\"res-header-id\"><b>Generated Narrative: CodeSystem csTipologiaPiano</b></p><a name=\"csTipologiaPiano\"> </a><a name=\"hccsTipologiaPiano\"> </a><a name=\"csTipologiaPiano-en-US\"> </a><p>This  code system <code>https://agenas.gov.it/fhir/CodeSystem/csTipologiaPiano</code> defines the following codes:</p><table class=\"codes\"><tr><td style=\"white-space:nowrap\"><b>Code</b></td><td><b>Display</b></td><td><b>Definition</b></td></tr><tr><td style=\"white-space:nowrap\">01<a name=\"csTipologiaPiano-01\"> </a></td><td>Piano di Telemonitoraggio</td><td>Piano di Telemonitoraggio</td></tr><tr><td style=\"white-space:nowrap\">02<a name=\"csTipologiaPiano-02\"> </a></td><td>Piano di Teleassistenza</td><td>Piano di Teleassistenza</td></tr><tr><td style=\"white-space:nowrap\">03<a name=\"csTipologiaPiano-03\"> </a></td><td>Piano di Teleriabilitazione</td><td>Piano di Teleriabilitazione</td></tr></table></div>"
  },
  "url" : "https://agenas.gov.it/fhir/CodeSystem/csTipologiaPiano",
  "version" : "0.1.0",
  "name" : "CodeSystem_tipologia_piano",
  "title" : "CodeSystem per la tipologia del piano",
  "status" : "draft",
  "date" : "2025-05-29T16:38:39+02:00",
  "publisher" : "Example Publisher",
  "contact" : [{
    "name" : "Example Publisher",
    "telecom" : [{
      "system" : "url",
      "value" : "http://example.org/example-publisher"
    }]
  }],
  "description" : "Definisce il sistema di terminologie da usare per i codici delle tipologie di piano",
  "content" : "complete",
  "count" : 3,
  "concept" : [{
    "code" : "01",
    "display" : "Piano di Telemonitoraggio",
    "definition" : "Piano di Telemonitoraggio"
  },
  {
    "code" : "02",
    "display" : "Piano di Teleassistenza",
    "definition" : "Piano di Teleassistenza"
  },
  {
    "code" : "03",
    "display" : "Piano di Teleriabilitazione",
    "definition" : "Piano di Teleriabilitazione"
  }]
}