<?xml version="1.0" encoding="UTF-8"?>

<CodeSystem xmlns="http://hl7.org/fhir">
  <id value="csspecialityPractitionerRole"/>
  <text>
    <status value="generated"/><div xmlns="http://www.w3.org/1999/xhtml"><p class="res-header-id"><b>Generated Narrative: CodeSystem csspecialityPractitionerRole</b></p><a name="csspecialityPractitionerRole"> </a><a name="hccsspecialityPractitionerRole"> </a><a name="csspecialityPractitionerRole-en-US"> </a><p>This  code system <code>https://agenas.gov.it/fhir/CodeSystem/csspecialityPractitionerRole</code> provides some codes <b>that are example only</b>:</p><table class="codes"><tr><td style="white-space:nowrap"><b>Code</b></td><td><b>Display</b></td><td><b>Definition</b></td></tr><tr><td style="white-space:nowrap">01<a name="csspecialityPractitionerRole-01"> </a></td><td>Allergologia</td><td>Allergologia</td></tr><tr><td style="white-space:nowrap">02<a name="csspecialityPractitionerRole-02"> </a></td><td>Day hospital</td><td>Day hospital - Identifica reparti esclusivamente dedicati ad attività di day hospital multispecialistico</td></tr><tr><td style="white-space:nowrap">03<a name="csspecialityPractitionerRole-03"> </a></td><td>Anatomia ed istologia patologica</td><td>Anatomia ed istologia patologica</td></tr><tr><td style="white-space:nowrap">05<a name="csspecialityPractitionerRole-05"> </a></td><td>Angiologia</td><td>Angiologia</td></tr><tr><td style="white-space:nowrap">06<a name="csspecialityPractitionerRole-06"> </a></td><td>Cardiochirurgia pediatrica</td><td>Cardiochirurgia pediatrica</td></tr><tr><td style="white-space:nowrap">07<a name="csspecialityPractitionerRole-07"> </a></td><td>Cardiochirurgia</td><td>Cardiochirurgia</td></tr><tr><td style="white-space:nowrap">08<a name="csspecialityPractitionerRole-08"> </a></td><td>Cardiologia</td><td>Cardiologia - Non include i posti letto di unità coronarica, che sono invece attribuiti alla disciplina 50 - 'Unità coronarica' anche se localizzati in un reparto di cardiologia</td></tr><tr><td style="white-space:nowrap">09<a name="csspecialityPractitionerRole-09"> </a></td><td>Chirurgia generale</td><td>Chirurgia generale</td></tr><tr><td style="white-space:nowrap">10<a name="csspecialityPractitionerRole-10"> </a></td><td>Chirurgia maxillo facciale</td><td>Chirurgia maxillo facciale</td></tr><tr><td style="white-space:nowrap">11<a name="csspecialityPractitionerRole-11"> </a></td><td>Chirurgia pediatrica</td><td>Chirurgia pediatrica</td></tr><tr><td style="white-space:nowrap">12<a name="csspecialityPractitionerRole-12"> </a></td><td>Chirurgia plastica</td><td>Chirurgia plastica</td></tr><tr><td style="white-space:nowrap">13<a name="csspecialityPractitionerRole-13"> </a></td><td>Chirurgia toracica</td><td>Chirurgia toracica</td></tr><tr><td style="white-space:nowrap">14<a name="csspecialityPractitionerRole-14"> </a></td><td>Chirurgia vascolare</td><td>Chirurgia vascolare</td></tr><tr><td style="white-space:nowrap">15<a name="csspecialityPractitionerRole-15"> </a></td><td>Chirurgia sportiva</td><td>Chirurgia sportiva</td></tr><tr><td style="white-space:nowrap">18<a name="csspecialityPractitionerRole-18"> </a></td><td>Ematologia</td><td>Ematologia - Include i posti letto di immunoematologia</td></tr><tr><td style="white-space:nowrap">19<a name="csspecialityPractitionerRole-19"> </a></td><td>Malattie endocrine, del ricambio e della nutrizione</td><td>Malattie endocrine, del ricambio e della nutrizione</td></tr><tr><td style="white-space:nowrap">20<a name="csspecialityPractitionerRole-20"> </a></td><td>Immunologia</td><td>Immunologia - Non include i posti letto di immunoematologia, che sono invece attribuiti alla disciplina 18 - Ematologia</td></tr><tr><td style="white-space:nowrap">21<a name="csspecialityPractitionerRole-21"> </a></td><td>Geriatria</td><td>Geriatria</td></tr><tr><td style="white-space:nowrap">24<a name="csspecialityPractitionerRole-24"> </a></td><td>Malattie infettive e tropicali</td><td>Malattie infettive e tropicali</td></tr><tr><td style="white-space:nowrap">25<a name="csspecialityPractitionerRole-25"> </a></td><td>Medicina del lavoro</td><td>Medicina del lavoro</td></tr><tr><td style="white-space:nowrap">26<a name="csspecialityPractitionerRole-26"> </a></td><td>Medicina generale</td><td>Medicina generale</td></tr><tr><td style="white-space:nowrap">27<a name="csspecialityPractitionerRole-27"> </a></td><td>Medicina legale</td><td>Medicina legale</td></tr><tr><td style="white-space:nowrap">28<a name="csspecialityPractitionerRole-28"> </a></td><td>Unità spinale</td><td>Unità spinale</td></tr><tr><td style="white-space:nowrap">29<a name="csspecialityPractitionerRole-29"> </a></td><td>Nefrologia</td><td>Nefrologia</td></tr><tr><td style="white-space:nowrap">30<a name="csspecialityPractitionerRole-30"> </a></td><td>Neurochirurgia</td><td>Neurochirurgia</td></tr><tr><td style="white-space:nowrap">31<a name="csspecialityPractitionerRole-31"> </a></td><td>Nido</td><td>Nido</td></tr><tr><td style="white-space:nowrap">32<a name="csspecialityPractitionerRole-32"> </a></td><td>Neurologia</td><td>Neurologia - Non include la psichiatria, a cui è attribuito il codice specifico '40', e la neuropsichiatria infantile, a cui è attribuito il codice specifico '33'.</td></tr><tr><td style="white-space:nowrap">33<a name="csspecialityPractitionerRole-33"> </a></td><td>Neuropsichiatria infantile</td><td>Neuropsichiatria infantile</td></tr><tr><td style="white-space:nowrap">34<a name="csspecialityPractitionerRole-34"> </a></td><td>Oculistica</td><td>Oculistica</td></tr><tr><td style="white-space:nowrap">35<a name="csspecialityPractitionerRole-35"> </a></td><td>Odontoiatria e stomatologia</td><td>Odontoiatria e stomatologia</td></tr><tr><td style="white-space:nowrap">36<a name="csspecialityPractitionerRole-36"> </a></td><td>Ortopedia e traumatologia</td><td>Ortopedia e traumatologia</td></tr><tr><td style="white-space:nowrap">37<a name="csspecialityPractitionerRole-37"> </a></td><td>Ostetricia e ginecologia</td><td>Ostetricia e ginecologia</td></tr><tr><td style="white-space:nowrap">38<a name="csspecialityPractitionerRole-38"> </a></td><td>Otorinolaringoiatra</td><td>Otorinolaringoiatra</td></tr><tr><td style="white-space:nowrap">39<a name="csspecialityPractitionerRole-39"> </a></td><td>Pediatria</td><td>Pediatria - Non include la neonatologia, a cui è attribuito il codice specifico '62'</td></tr><tr><td style="white-space:nowrap">40<a name="csspecialityPractitionerRole-40"> </a></td><td>Psichiatria</td><td>Psichiatria - Non include la neuropsichiatria infantile, a cui è attribuito il codice specifico '33'</td></tr><tr><td style="white-space:nowrap">41<a name="csspecialityPractitionerRole-41"> </a></td><td>Medicina termale</td><td>Medicina termale</td></tr><tr><td style="white-space:nowrap">42<a name="csspecialityPractitionerRole-42"> </a></td><td>Tossicologia</td><td>Tossicologia</td></tr><tr><td style="white-space:nowrap">43<a name="csspecialityPractitionerRole-43"> </a></td><td>Urologia</td><td>Urologia</td></tr><tr><td style="white-space:nowrap">46<a name="csspecialityPractitionerRole-46"> </a></td><td>Grandi ustioni pediatriche</td><td>Grandi ustioni pediatriche</td></tr><tr><td style="white-space:nowrap">47<a name="csspecialityPractitionerRole-47"> </a></td><td>Grandi ustioni</td><td>Grandi ustioni</td></tr><tr><td style="white-space:nowrap">48<a name="csspecialityPractitionerRole-48"> </a></td><td>Nefrologia</td><td>Nefrologia</td></tr><tr><td style="white-space:nowrap">49<a name="csspecialityPractitionerRole-49"> </a></td><td>Terapia intensiva</td><td>Terapia intensiva - Non include i posti letto di unità intensiva cardiologica, che sono invece attribuiti alla disciplina '50' - Unità coronarica</td></tr><tr><td style="white-space:nowrap">50<a name="csspecialityPractitionerRole-50"> </a></td><td>Unità coronarica</td><td>Unità coronarica - Include i posti letto di unità intensiva cardiologica</td></tr><tr><td style="white-space:nowrap">51<a name="csspecialityPractitionerRole-51"> </a></td><td>Astanteria</td><td>Astanteria</td></tr><tr><td style="white-space:nowrap">52<a name="csspecialityPractitionerRole-52"> </a></td><td>Dermatologia</td><td>Dermatologia</td></tr><tr><td style="white-space:nowrap">54<a name="csspecialityPractitionerRole-54"> </a></td><td>Emodialisi</td><td>Emodialisi</td></tr><tr><td style="white-space:nowrap">55<a name="csspecialityPractitionerRole-55"> </a></td><td>Farmacologia clinica</td><td>Farmacologia clinica</td></tr><tr><td style="white-space:nowrap">56<a name="csspecialityPractitionerRole-56"> </a></td><td>Recupero e riabilitazione funzionale</td><td>Recupero e riabilitazione funzionale - Non include l'unità spinale, a cui è attribuito il codice specifico '28', e la neuro-riabilitazione, a cui è attribuito il codice specifico '75'.</td></tr><tr><td style="white-space:nowrap">57<a name="csspecialityPractitionerRole-57"> </a></td><td>Fisiopatologia della riproduzione umana</td><td>Fisiopatologia della riproduzione umana</td></tr><tr><td style="white-space:nowrap">58<a name="csspecialityPractitionerRole-58"> </a></td><td>Gastroenterolgia</td><td>Gastroenterolgia</td></tr><tr><td style="white-space:nowrap">60<a name="csspecialityPractitionerRole-60"> </a></td><td>Lungodegenti</td><td>Lungodegenti</td></tr><tr><td style="white-space:nowrap">61<a name="csspecialityPractitionerRole-61"> </a></td><td>Medicina nucleare</td><td>Medicina nucleare</td></tr><tr><td style="white-space:nowrap">62<a name="csspecialityPractitionerRole-62"> </a></td><td>Neatologia</td><td>Neatologia</td></tr><tr><td style="white-space:nowrap">64<a name="csspecialityPractitionerRole-64"> </a></td><td>Oncologia</td><td>Oncologia</td></tr><tr><td style="white-space:nowrap">65<a name="csspecialityPractitionerRole-65"> </a></td><td>Oncoematologia pediatrica</td><td>Oncoematologia pediatrica</td></tr><tr><td style="white-space:nowrap">66<a name="csspecialityPractitionerRole-66"> </a></td><td>Oncoematologia</td><td>Oncoematologia</td></tr><tr><td style="white-space:nowrap">67<a name="csspecialityPractitionerRole-67"> </a></td><td>Pensionati</td><td>Pensionati</td></tr><tr><td style="white-space:nowrap">68<a name="csspecialityPractitionerRole-68"> </a></td><td>Pneumologia</td><td>Pneumologia</td></tr><tr><td style="white-space:nowrap">69<a name="csspecialityPractitionerRole-69"> </a></td><td>Radiologia</td><td>Radiologia</td></tr><tr><td style="white-space:nowrap">70<a name="csspecialityPractitionerRole-70"> </a></td><td>Radioterapia</td><td>Radioterapia</td></tr><tr><td style="white-space:nowrap">71<a name="csspecialityPractitionerRole-71"> </a></td><td>Reumatologia</td><td>Reumatologia</td></tr><tr><td style="white-space:nowrap">73<a name="csspecialityPractitionerRole-73"> </a></td><td>Terapia intensiva neonatale</td><td>Terapia intensiva neonatale</td></tr><tr><td style="white-space:nowrap">74<a name="csspecialityPractitionerRole-74"> </a></td><td>Radioterpia oncologica</td><td>Radioterpia oncologica</td></tr><tr><td style="white-space:nowrap">75<a name="csspecialityPractitionerRole-75"> </a></td><td>Neuro-riabilitazione</td><td>Neuro-riabilitazione</td></tr><tr><td style="white-space:nowrap">76<a name="csspecialityPractitionerRole-76"> </a></td><td>Neurochirurgia pediatrica</td><td>Neurochirurgia pediatrica)</td></tr><tr><td style="white-space:nowrap">77<a name="csspecialityPractitionerRole-77"> </a></td><td>Nefrologia pediatrica</td><td>Nefrologia pediatrica</td></tr><tr><td style="white-space:nowrap">78<a name="csspecialityPractitionerRole-78"> </a></td><td>Urologia pediatrica</td><td>Urologia pediatrica</td></tr><tr><td style="white-space:nowrap">96<a name="csspecialityPractitionerRole-96"> </a></td><td>Terapia del dolore</td><td>Terapia del dolore</td></tr><tr><td style="white-space:nowrap">97<a name="csspecialityPractitionerRole-97"> </a></td><td>Detenuti</td><td>Detenuti</td></tr><tr><td style="white-space:nowrap">98<a name="csspecialityPractitionerRole-98"> </a></td><td>Day surgery</td><td>Day surgery - Identifica reparti esclusivamente dedicati ad attività di day surgery multispecialistico</td></tr><tr><td style="white-space:nowrap">99<a name="csspecialityPractitionerRole-99"> </a></td><td>Cure palliative - Identifica i reparti utilizzati per i ricoveri in regime diurno per cure palliative, in conformità alle indicazioni contenute nel “Documento sui requisiti minimi e le modalità organizzative necessari per l’accreditamento delle strutture di assistenza ai malati in fase terminale e delle unità di cure palliative e della terapia del dolore” allegato all’Intesa Stato-Regioni del 25 luglio 2012</td><td>Cure palliative</td></tr></table></div>
  </text>
  <url value="https://agenas.gov.it/fhir/CodeSystem/csspecialityPractitionerRole"/>
  <version value="0.1.0"/>
  <name value="CodeSystem_per_specialita_PractitionerRole"/>
  <title value="CodeSystem per specialita PractitionerRole"/>
  <status value="draft"/>
  <experimental value="true"/>
  <date value="2025-05-29T16:38:39+02:00"/>
  <publisher value="Example Publisher"/>
  <contact>
    <name value="Example Publisher"/>
    <telecom>
      <system value="url"/>
      <value value="http://example.org/example-publisher"/>
    </telecom>
  </contact>
  <description value="Definisce il sistema di terminologie da usare per i codici delle specialità cliniche e delle discipline ospedaliere. (19A00915) (GU Serie Generale n.38 del 14-02-2019)"/>
  <versionNeeded value="false"/>
  <content value="example"/>
  <concept>
    <code value="01"/>
    <display value="Allergologia"/>
    <definition value="Allergologia"/>
  </concept>
  <concept>
    <code value="02"/>
    <display value="Day hospital"/>
    <definition value="Day hospital - Identifica reparti esclusivamente dedicati ad attività di day hospital multispecialistico"/>
  </concept>
  <concept>
    <code value="03"/>
    <display value="Anatomia ed istologia patologica"/>
    <definition value="Anatomia ed istologia patologica"/>
  </concept>
  <concept>
    <code value="05"/>
    <display value="Angiologia"/>
    <definition value="Angiologia"/>
  </concept>
  <concept>
    <code value="06"/>
    <display value="Cardiochirurgia pediatrica"/>
    <definition value="Cardiochirurgia pediatrica"/>
  </concept>
  <concept>
    <code value="07"/>
    <display value="Cardiochirurgia"/>
    <definition value="Cardiochirurgia"/>
  </concept>
  <concept>
    <code value="08"/>
    <display value="Cardiologia"/>
    <definition value="Cardiologia - Non include i posti letto di unità coronarica, che sono invece attribuiti alla disciplina 50 - 'Unità coronarica' anche se localizzati in un reparto di cardiologia"/>
  </concept>
  <concept>
    <code value="09"/>
    <display value="Chirurgia generale"/>
    <definition value="Chirurgia generale"/>
  </concept>
  <concept>
    <code value="10"/>
    <display value="Chirurgia maxillo facciale"/>
    <definition value="Chirurgia maxillo facciale"/>
  </concept>
  <concept>
    <code value="11"/>
    <display value="Chirurgia pediatrica"/>
    <definition value="Chirurgia pediatrica"/>
  </concept>
  <concept>
    <code value="12"/>
    <display value="Chirurgia plastica"/>
    <definition value="Chirurgia plastica"/>
  </concept>
  <concept>
    <code value="13"/>
    <display value="Chirurgia toracica"/>
    <definition value="Chirurgia toracica"/>
  </concept>
  <concept>
    <code value="14"/>
    <display value="Chirurgia vascolare"/>
    <definition value="Chirurgia vascolare"/>
  </concept>
  <concept>
    <code value="15"/>
    <display value="Chirurgia sportiva"/>
    <definition value="Chirurgia sportiva"/>
  </concept>
  <concept>
    <code value="18"/>
    <display value="Ematologia"/>
    <definition value="Ematologia - Include i posti letto di immunoematologia"/>
  </concept>
  <concept>
    <code value="19"/>
    <display value="Malattie endocrine, del ricambio e della nutrizione"/>
    <definition value="Malattie endocrine, del ricambio e della nutrizione"/>
  </concept>
  <concept>
    <code value="20"/>
    <display value="Immunologia"/>
    <definition value="Immunologia - Non include i posti letto di immunoematologia, che sono invece attribuiti alla disciplina 18 - Ematologia"/>
  </concept>
  <concept>
    <code value="21"/>
    <display value="Geriatria"/>
    <definition value="Geriatria"/>
  </concept>
  <concept>
    <code value="24"/>
    <display value="Malattie infettive e tropicali"/>
    <definition value="Malattie infettive e tropicali"/>
  </concept>
  <concept>
    <code value="25"/>
    <display value="Medicina del lavoro"/>
    <definition value="Medicina del lavoro"/>
  </concept>
  <concept>
    <code value="26"/>
    <display value="Medicina generale"/>
    <definition value="Medicina generale"/>
  </concept>
  <concept>
    <code value="27"/>
    <display value="Medicina legale"/>
    <definition value="Medicina legale"/>
  </concept>
  <concept>
    <code value="28"/>
    <display value="Unità spinale"/>
    <definition value="Unità spinale"/>
  </concept>
  <concept>
    <code value="29"/>
    <display value="Nefrologia"/>
    <definition value="Nefrologia"/>
  </concept>
  <concept>
    <code value="30"/>
    <display value="Neurochirurgia"/>
    <definition value="Neurochirurgia"/>
  </concept>
  <concept>
    <code value="31"/>
    <display value="Nido"/>
    <definition value="Nido"/>
  </concept>
  <concept>
    <code value="32"/>
    <display value="Neurologia"/>
    <definition value="Neurologia - Non include la psichiatria, a cui è attribuito il codice specifico '40', e la neuropsichiatria infantile, a cui è attribuito il codice specifico '33'."/>
  </concept>
  <concept>
    <code value="33"/>
    <display value="Neuropsichiatria infantile"/>
    <definition value="Neuropsichiatria infantile"/>
  </concept>
  <concept>
    <code value="34"/>
    <display value="Oculistica"/>
    <definition value="Oculistica"/>
  </concept>
  <concept>
    <code value="35"/>
    <display value="Odontoiatria e stomatologia"/>
    <definition value="Odontoiatria e stomatologia"/>
  </concept>
  <concept>
    <code value="36"/>
    <display value="Ortopedia e traumatologia"/>
    <definition value="Ortopedia e traumatologia"/>
  </concept>
  <concept>
    <code value="37"/>
    <display value="Ostetricia e ginecologia"/>
    <definition value="Ostetricia e ginecologia"/>
  </concept>
  <concept>
    <code value="38"/>
    <display value="Otorinolaringoiatra"/>
    <definition value="Otorinolaringoiatra"/>
  </concept>
  <concept>
    <code value="39"/>
    <display value="Pediatria"/>
    <definition value="Pediatria - Non include la neonatologia, a cui è attribuito il codice specifico '62'"/>
  </concept>
  <concept>
    <code value="40"/>
    <display value="Psichiatria"/>
    <definition value="Psichiatria - Non include la neuropsichiatria infantile, a cui è attribuito il codice specifico '33'"/>
  </concept>
  <concept>
    <code value="41"/>
    <display value="Medicina termale"/>
    <definition value="Medicina termale"/>
  </concept>
  <concept>
    <code value="42"/>
    <display value="Tossicologia"/>
    <definition value="Tossicologia"/>
  </concept>
  <concept>
    <code value="43"/>
    <display value="Urologia"/>
    <definition value="Urologia"/>
  </concept>
  <concept>
    <code value="46"/>
    <display value="Grandi ustioni pediatriche"/>
    <definition value="Grandi ustioni pediatriche"/>
  </concept>
  <concept>
    <code value="47"/>
    <display value="Grandi ustioni"/>
    <definition value="Grandi ustioni"/>
  </concept>
  <concept>
    <code value="48"/>
    <display value="Nefrologia"/>
    <definition value="Nefrologia"/>
  </concept>
  <concept>
    <code value="49"/>
    <display value="Terapia intensiva"/>
    <definition value="Terapia intensiva - Non include i posti letto di unità intensiva cardiologica, che sono invece attribuiti alla disciplina '50' - Unità coronarica"/>
  </concept>
  <concept>
    <code value="50"/>
    <display value="Unità coronarica"/>
    <definition value="Unità coronarica - Include i posti letto di unità intensiva cardiologica"/>
  </concept>
  <concept>
    <code value="51"/>
    <display value="Astanteria"/>
    <definition value="Astanteria"/>
  </concept>
  <concept>
    <code value="52"/>
    <display value="Dermatologia"/>
    <definition value="Dermatologia"/>
  </concept>
  <concept>
    <code value="54"/>
    <display value="Emodialisi"/>
    <definition value="Emodialisi"/>
  </concept>
  <concept>
    <code value="55"/>
    <display value="Farmacologia clinica"/>
    <definition value="Farmacologia clinica"/>
  </concept>
  <concept>
    <code value="56"/>
    <display value="Recupero e riabilitazione funzionale"/>
    <definition value="Recupero e riabilitazione funzionale - Non include l'unità spinale, a cui è attribuito il codice specifico '28', e la neuro-riabilitazione, a cui è attribuito il codice specifico '75'."/>
  </concept>
  <concept>
    <code value="57"/>
    <display value="Fisiopatologia della riproduzione umana"/>
    <definition value="Fisiopatologia della riproduzione umana"/>
  </concept>
  <concept>
    <code value="58"/>
    <display value="Gastroenterolgia"/>
    <definition value="Gastroenterolgia"/>
  </concept>
  <concept>
    <code value="60"/>
    <display value="Lungodegenti"/>
    <definition value="Lungodegenti"/>
  </concept>
  <concept>
    <code value="61"/>
    <display value="Medicina nucleare"/>
    <definition value="Medicina nucleare"/>
  </concept>
  <concept>
    <code value="62"/>
    <display value="Neatologia"/>
    <definition value="Neatologia"/>
  </concept>
  <concept>
    <code value="64"/>
    <display value="Oncologia"/>
    <definition value="Oncologia"/>
  </concept>
  <concept>
    <code value="65"/>
    <display value="Oncoematologia pediatrica"/>
    <definition value="Oncoematologia pediatrica"/>
  </concept>
  <concept>
    <code value="66"/>
    <display value="Oncoematologia"/>
    <definition value="Oncoematologia"/>
  </concept>
  <concept>
    <code value="67"/>
    <display value="Pensionati"/>
    <definition value="Pensionati"/>
  </concept>
  <concept>
    <code value="68"/>
    <display value="Pneumologia"/>
    <definition value="Pneumologia"/>
  </concept>
  <concept>
    <code value="69"/>
    <display value="Radiologia"/>
    <definition value="Radiologia"/>
  </concept>
  <concept>
    <code value="70"/>
    <display value="Radioterapia"/>
    <definition value="Radioterapia"/>
  </concept>
  <concept>
    <code value="71"/>
    <display value="Reumatologia"/>
    <definition value="Reumatologia"/>
  </concept>
  <concept>
    <code value="73"/>
    <display value="Terapia intensiva neonatale"/>
    <definition value="Terapia intensiva neonatale"/>
  </concept>
  <concept>
    <code value="74"/>
    <display value="Radioterpia oncologica"/>
    <definition value="Radioterpia oncologica"/>
  </concept>
  <concept>
    <code value="75"/>
    <display value="Neuro-riabilitazione"/>
    <definition value="Neuro-riabilitazione"/>
  </concept>
  <concept>
    <code value="76"/>
    <display value="Neurochirurgia pediatrica"/>
    <definition value="Neurochirurgia pediatrica)"/>
  </concept>
  <concept>
    <code value="77"/>
    <display value="Nefrologia pediatrica"/>
    <definition value="Nefrologia pediatrica"/>
  </concept>
  <concept>
    <code value="78"/>
    <display value="Urologia pediatrica"/>
    <definition value="Urologia pediatrica"/>
  </concept>
  <concept>
    <code value="96"/>
    <display value="Terapia del dolore"/>
    <definition value="Terapia del dolore"/>
  </concept>
  <concept>
    <code value="97"/>
    <display value="Detenuti"/>
    <definition value="Detenuti"/>
  </concept>
  <concept>
    <code value="98"/>
    <display value="Day surgery"/>
    <definition value="Day surgery - Identifica reparti esclusivamente dedicati ad attività di day surgery multispecialistico"/>
  </concept>
  <concept>
    <code value="99"/>
    <display value="Cure palliative - Identifica i reparti utilizzati per i ricoveri in regime diurno per cure palliative, in conformità alle indicazioni contenute nel “Documento sui requisiti minimi e le modalità organizzative necessari per l’accreditamento delle strutture di assistenza ai malati in fase terminale e delle unità di cure palliative e della terapia del dolore” allegato all’Intesa Stato-Regioni del 25 luglio 2012"/>
    <definition value="Cure palliative"/>
  </concept>
</CodeSystem>