<?xml version="1.0" encoding="UTF-8"?>

<CodeSystem xmlns="http://hl7.org/fhir">
  <id value="dug"/>
  <text>
    <status value="generated"/><div xmlns="http://www.w3.org/1999/xhtml"><p class="res-header-id"><b>Generated Narrative: CodeSystem dug</b></p><a name="dug"> </a><a name="hcdug"> </a><a name="dug-en-US"> </a><p>This case-sensitive code system <code>https://agenas.gov.it/fhir/CodeSystem/dug</code> defines the following codes:</p><table class="codes"><tr><td style="white-space:nowrap"><b>Code</b></td><td><b>Display</b></td></tr><tr><td style="white-space:nowrap">1<a name="dug-1"> </a></td><td>arco</td></tr><tr><td style="white-space:nowrap">2<a name="dug-2"> </a></td><td>autostrada</td></tr><tr><td style="white-space:nowrap">3<a name="dug-3"> </a></td><td>belvedere</td></tr><tr><td style="white-space:nowrap">4<a name="dug-4"> </a></td><td>calata</td></tr><tr><td style="white-space:nowrap">5<a name="dug-5"> </a></td><td>calle</td></tr><tr><td style="white-space:nowrap">6<a name="dug-6"> </a></td><td>cavalcavia</td></tr><tr><td style="white-space:nowrap">7<a name="dug-7"> </a></td><td>circonvallazione</td></tr><tr><td style="white-space:nowrap">8<a name="dug-8"> </a></td><td>corso</td></tr><tr><td style="white-space:nowrap">9<a name="dug-9"> </a></td><td>corte</td></tr><tr><td style="white-space:nowrap">10<a name="dug-10"> </a></td><td>cortile</td></tr><tr><td style="white-space:nowrap">11<a name="dug-11"> </a></td><td>discesa</td></tr><tr><td style="white-space:nowrap">12<a name="dug-12"> </a></td><td>galleria</td></tr><tr><td style="white-space:nowrap">13<a name="dug-13"> </a></td><td>gradinata</td></tr><tr><td style="white-space:nowrap">14<a name="dug-14"> </a></td><td>larghetto</td></tr><tr><td style="white-space:nowrap">15<a name="dug-15"> </a></td><td>largo</td></tr><tr><td style="white-space:nowrap">16<a name="dug-16"> </a></td><td>litoranea</td></tr><tr><td style="white-space:nowrap">17<a name="dug-17"> </a></td><td>lungargine</td></tr><tr><td style="white-space:nowrap">18<a name="dug-18"> </a></td><td>lungofiume</td></tr><tr><td style="white-space:nowrap">19<a name="dug-19"> </a></td><td>lungolago</td></tr><tr><td style="white-space:nowrap">20<a name="dug-20"> </a></td><td>lungomare</td></tr><tr><td style="white-space:nowrap">21<a name="dug-21"> </a></td><td>lungoparco</td></tr><tr><td style="white-space:nowrap">22<a name="dug-22"> </a></td><td>lungotorrente</td></tr><tr><td style="white-space:nowrap">23<a name="dug-23"> </a></td><td>molo</td></tr><tr><td style="white-space:nowrap">24<a name="dug-24"> </a></td><td>parcheggio</td></tr><tr><td style="white-space:nowrap">25<a name="dug-25"> </a></td><td>passaggio</td></tr><tr><td style="white-space:nowrap">26<a name="dug-26"> </a></td><td>passeggiata</td></tr><tr><td style="white-space:nowrap">27<a name="dug-27"> </a></td><td>percorso ciclabile</td></tr><tr><td style="white-space:nowrap">28<a name="dug-28"> </a></td><td>percorso ciclopedonale</td></tr><tr><td style="white-space:nowrap">29<a name="dug-29"> </a></td><td>percorso pedonale</td></tr><tr><td style="white-space:nowrap">30<a name="dug-30"> </a></td><td>piazza</td></tr><tr><td style="white-space:nowrap">31<a name="dug-31"> </a></td><td>piazzale</td></tr><tr><td style="white-space:nowrap">32<a name="dug-32"> </a></td><td>piazzetta</td></tr><tr><td style="white-space:nowrap">33<a name="dug-33"> </a></td><td>pista ciclabile</td></tr><tr><td style="white-space:nowrap">34<a name="dug-34"> </a></td><td>ponte</td></tr><tr><td style="white-space:nowrap">35<a name="dug-35"> </a></td><td>raccordo</td></tr><tr><td style="white-space:nowrap">36<a name="dug-36"> </a></td><td>rampa</td></tr><tr><td style="white-space:nowrap">37<a name="dug-37"> </a></td><td>ronco</td></tr><tr><td style="white-space:nowrap">38<a name="dug-38"> </a></td><td>rotatoria</td></tr><tr><td style="white-space:nowrap">39<a name="dug-39"> </a></td><td>rotonda</td></tr><tr><td style="white-space:nowrap">40<a name="dug-40"> </a></td><td>salita</td></tr><tr><td style="white-space:nowrap">41<a name="dug-41"> </a></td><td>scalinata</td></tr><tr><td style="white-space:nowrap">42<a name="dug-42"> </a></td><td>scesa</td></tr><tr><td style="white-space:nowrap">43<a name="dug-43"> </a></td><td>sentiero</td></tr><tr><td style="white-space:nowrap">44<a name="dug-44"> </a></td><td>slargo</td></tr><tr><td style="white-space:nowrap">45<a name="dug-45"> </a></td><td>sottopasso</td></tr><tr><td style="white-space:nowrap">46<a name="dug-46"> </a></td><td>sovrappasso</td></tr><tr><td style="white-space:nowrap">47<a name="dug-47"> </a></td><td>spiazzo</td></tr><tr><td style="white-space:nowrap">48<a name="dug-48"> </a></td><td>strada</td></tr><tr><td style="white-space:nowrap">49<a name="dug-49"> </a></td><td>strada antica</td></tr><tr><td style="white-space:nowrap">50<a name="dug-50"> </a></td><td>strada comunale</td></tr><tr><td style="white-space:nowrap">51<a name="dug-51"> </a></td><td>strada consortile</td></tr><tr><td style="white-space:nowrap">52<a name="dug-52"> </a></td><td>strada nuova</td></tr><tr><td style="white-space:nowrap">53<a name="dug-53"> </a></td><td>strada panoramica</td></tr><tr><td style="white-space:nowrap">54<a name="dug-54"> </a></td><td>strada poderale</td></tr><tr><td style="white-space:nowrap">55<a name="dug-55"> </a></td><td>strada privata</td></tr><tr><td style="white-space:nowrap">56<a name="dug-56"> </a></td><td>strada provinciale</td></tr><tr><td style="white-space:nowrap">57<a name="dug-57"> </a></td><td>strada regionale</td></tr><tr><td style="white-space:nowrap">58<a name="dug-58"> </a></td><td>strada statale</td></tr><tr><td style="white-space:nowrap">59<a name="dug-59"> </a></td><td>strada vecchia</td></tr><tr><td style="white-space:nowrap">60<a name="dug-60"> </a></td><td>strada vicinale</td></tr><tr><td style="white-space:nowrap">61<a name="dug-61"> </a></td><td>stradella</td></tr><tr><td style="white-space:nowrap">62<a name="dug-62"> </a></td><td>stradello</td></tr><tr><td style="white-space:nowrap">63<a name="dug-63"> </a></td><td>stradone</td></tr><tr><td style="white-space:nowrap">64<a name="dug-64"> </a></td><td>tangenziale</td></tr><tr><td style="white-space:nowrap">65<a name="dug-65"> </a></td><td>traversa</td></tr><tr><td style="white-space:nowrap">66<a name="dug-66"> </a></td><td>traversa privata</td></tr><tr><td style="white-space:nowrap">67<a name="dug-67"> </a></td><td>via</td></tr><tr><td style="white-space:nowrap">68<a name="dug-68"> </a></td><td>via antica</td></tr><tr><td style="white-space:nowrap">69<a name="dug-69"> </a></td><td>via comunale</td></tr><tr><td style="white-space:nowrap">70<a name="dug-70"> </a></td><td>via nazionale</td></tr><tr><td style="white-space:nowrap">71<a name="dug-71"> </a></td><td>via nuova</td></tr><tr><td style="white-space:nowrap">72<a name="dug-72"> </a></td><td>via panoramica</td></tr><tr><td style="white-space:nowrap">73<a name="dug-73"> </a></td><td>via privata</td></tr><tr><td style="white-space:nowrap">74<a name="dug-74"> </a></td><td>via provinciale</td></tr><tr><td style="white-space:nowrap">75<a name="dug-75"> </a></td><td>via vecchia</td></tr><tr><td style="white-space:nowrap">76<a name="dug-76"> </a></td><td>viale</td></tr><tr><td style="white-space:nowrap">77<a name="dug-77"> </a></td><td>vialetto</td></tr><tr><td style="white-space:nowrap">78<a name="dug-78"> </a></td><td>vico</td></tr><tr><td style="white-space:nowrap">79<a name="dug-79"> </a></td><td>vico chiuso</td></tr><tr><td style="white-space:nowrap">80<a name="dug-80"> </a></td><td>vico cieco</td></tr><tr><td style="white-space:nowrap">81<a name="dug-81"> </a></td><td>vico privato</td></tr><tr><td style="white-space:nowrap">82<a name="dug-82"> </a></td><td>vicoletto</td></tr><tr><td style="white-space:nowrap">83<a name="dug-83"> </a></td><td>vicolo</td></tr><tr><td style="white-space:nowrap">84<a name="dug-84"> </a></td><td>vicolo chiuso</td></tr><tr><td style="white-space:nowrap">85<a name="dug-85"> </a></td><td>vicolo cieco</td></tr><tr><td style="white-space:nowrap">86<a name="dug-86"> </a></td><td>vicolo privato</td></tr><tr><td style="white-space:nowrap">87<a name="dug-87"> </a></td><td>viottolo</td></tr></table></div>
  </text>
  <url value="https://agenas.gov.it/fhir/CodeSystem/dug"/>
  <version value="0.1.0"/>
  <name value="CsIstatDug"/>
  <title value="ISTAT - Registro delle Denominazioni Urbanistiche Generiche (DUG)"/>
  <status value="draft"/>
  <experimental value="false"/>
  <date value="2025-05-29T16:38:39+02:00"/>
  <publisher value="Example Publisher"/>
  <contact>
    <name value="Example Publisher"/>
    <telecom>
      <system value="url"/>
      <value value="http://example.org/example-publisher"/>
    </telecom>
  </contact>
  <description value="ISTAT - Registro delle Denominazioni Urbanistiche Generiche (DUG)"/>
  <caseSensitive value="true"/>
  <content value="complete"/>
  <count value="87"/>
  <concept>
    <code value="1"/>
    <display value="arco"/>
  </concept>
  <concept>
    <code value="2"/>
    <display value="autostrada"/>
  </concept>
  <concept>
    <code value="3"/>
    <display value="belvedere"/>
  </concept>
  <concept>
    <code value="4"/>
    <display value="calata"/>
  </concept>
  <concept>
    <code value="5"/>
    <display value="calle"/>
  </concept>
  <concept>
    <code value="6"/>
    <display value="cavalcavia"/>
  </concept>
  <concept>
    <code value="7"/>
    <display value="circonvallazione"/>
  </concept>
  <concept>
    <code value="8"/>
    <display value="corso"/>
  </concept>
  <concept>
    <code value="9"/>
    <display value="corte"/>
  </concept>
  <concept>
    <code value="10"/>
    <display value="cortile"/>
  </concept>
  <concept>
    <code value="11"/>
    <display value="discesa"/>
  </concept>
  <concept>
    <code value="12"/>
    <display value="galleria"/>
  </concept>
  <concept>
    <code value="13"/>
    <display value="gradinata"/>
  </concept>
  <concept>
    <code value="14"/>
    <display value="larghetto"/>
  </concept>
  <concept>
    <code value="15"/>
    <display value="largo"/>
  </concept>
  <concept>
    <code value="16"/>
    <display value="litoranea"/>
  </concept>
  <concept>
    <code value="17"/>
    <display value="lungargine"/>
  </concept>
  <concept>
    <code value="18"/>
    <display value="lungofiume"/>
  </concept>
  <concept>
    <code value="19"/>
    <display value="lungolago"/>
  </concept>
  <concept>
    <code value="20"/>
    <display value="lungomare"/>
  </concept>
  <concept>
    <code value="21"/>
    <display value="lungoparco"/>
  </concept>
  <concept>
    <code value="22"/>
    <display value="lungotorrente"/>
  </concept>
  <concept>
    <code value="23"/>
    <display value="molo"/>
  </concept>
  <concept>
    <code value="24"/>
    <display value="parcheggio"/>
  </concept>
  <concept>
    <code value="25"/>
    <display value="passaggio"/>
  </concept>
  <concept>
    <code value="26"/>
    <display value="passeggiata"/>
  </concept>
  <concept>
    <code value="27"/>
    <display value="percorso ciclabile"/>
  </concept>
  <concept>
    <code value="28"/>
    <display value="percorso ciclopedonale"/>
  </concept>
  <concept>
    <code value="29"/>
    <display value="percorso pedonale"/>
  </concept>
  <concept>
    <code value="30"/>
    <display value="piazza"/>
  </concept>
  <concept>
    <code value="31"/>
    <display value="piazzale"/>
  </concept>
  <concept>
    <code value="32"/>
    <display value="piazzetta"/>
  </concept>
  <concept>
    <code value="33"/>
    <display value="pista ciclabile"/>
  </concept>
  <concept>
    <code value="34"/>
    <display value="ponte"/>
  </concept>
  <concept>
    <code value="35"/>
    <display value="raccordo"/>
  </concept>
  <concept>
    <code value="36"/>
    <display value="rampa"/>
  </concept>
  <concept>
    <code value="37"/>
    <display value="ronco"/>
  </concept>
  <concept>
    <code value="38"/>
    <display value="rotatoria"/>
  </concept>
  <concept>
    <code value="39"/>
    <display value="rotonda"/>
  </concept>
  <concept>
    <code value="40"/>
    <display value="salita"/>
  </concept>
  <concept>
    <code value="41"/>
    <display value="scalinata"/>
  </concept>
  <concept>
    <code value="42"/>
    <display value="scesa"/>
  </concept>
  <concept>
    <code value="43"/>
    <display value="sentiero"/>
  </concept>
  <concept>
    <code value="44"/>
    <display value="slargo"/>
  </concept>
  <concept>
    <code value="45"/>
    <display value="sottopasso"/>
  </concept>
  <concept>
    <code value="46"/>
    <display value="sovrappasso"/>
  </concept>
  <concept>
    <code value="47"/>
    <display value="spiazzo"/>
  </concept>
  <concept>
    <code value="48"/>
    <display value="strada"/>
  </concept>
  <concept>
    <code value="49"/>
    <display value="strada antica"/>
  </concept>
  <concept>
    <code value="50"/>
    <display value="strada comunale"/>
  </concept>
  <concept>
    <code value="51"/>
    <display value="strada consortile"/>
  </concept>
  <concept>
    <code value="52"/>
    <display value="strada nuova"/>
  </concept>
  <concept>
    <code value="53"/>
    <display value="strada panoramica"/>
  </concept>
  <concept>
    <code value="54"/>
    <display value="strada poderale"/>
  </concept>
  <concept>
    <code value="55"/>
    <display value="strada privata"/>
  </concept>
  <concept>
    <code value="56"/>
    <display value="strada provinciale"/>
  </concept>
  <concept>
    <code value="57"/>
    <display value="strada regionale"/>
  </concept>
  <concept>
    <code value="58"/>
    <display value="strada statale"/>
  </concept>
  <concept>
    <code value="59"/>
    <display value="strada vecchia"/>
  </concept>
  <concept>
    <code value="60"/>
    <display value="strada vicinale"/>
  </concept>
  <concept>
    <code value="61"/>
    <display value="stradella"/>
  </concept>
  <concept>
    <code value="62"/>
    <display value="stradello"/>
  </concept>
  <concept>
    <code value="63"/>
    <display value="stradone"/>
  </concept>
  <concept>
    <code value="64"/>
    <display value="tangenziale"/>
  </concept>
  <concept>
    <code value="65"/>
    <display value="traversa"/>
  </concept>
  <concept>
    <code value="66"/>
    <display value="traversa privata"/>
  </concept>
  <concept>
    <code value="67"/>
    <display value="via"/>
  </concept>
  <concept>
    <code value="68"/>
    <display value="via antica"/>
  </concept>
  <concept>
    <code value="69"/>
    <display value="via comunale"/>
  </concept>
  <concept>
    <code value="70"/>
    <display value="via nazionale"/>
  </concept>
  <concept>
    <code value="71"/>
    <display value="via nuova"/>
  </concept>
  <concept>
    <code value="72"/>
    <display value="via panoramica"/>
  </concept>
  <concept>
    <code value="73"/>
    <display value="via privata"/>
  </concept>
  <concept>
    <code value="74"/>
    <display value="via provinciale"/>
  </concept>
  <concept>
    <code value="75"/>
    <display value="via vecchia"/>
  </concept>
  <concept>
    <code value="76"/>
    <display value="viale"/>
  </concept>
  <concept>
    <code value="77"/>
    <display value="vialetto"/>
  </concept>
  <concept>
    <code value="78"/>
    <display value="vico"/>
  </concept>
  <concept>
    <code value="79"/>
    <display value="vico chiuso"/>
  </concept>
  <concept>
    <code value="80"/>
    <display value="vico cieco"/>
  </concept>
  <concept>
    <code value="81"/>
    <display value="vico privato"/>
  </concept>
  <concept>
    <code value="82"/>
    <display value="vicoletto"/>
  </concept>
  <concept>
    <code value="83"/>
    <display value="vicolo"/>
  </concept>
  <concept>
    <code value="84"/>
    <display value="vicolo chiuso"/>
  </concept>
  <concept>
    <code value="85"/>
    <display value="vicolo cieco"/>
  </concept>
  <concept>
    <code value="86"/>
    <display value="vicolo privato"/>
  </concept>
  <concept>
    <code value="87"/>
    <display value="viottolo"/>
  </concept>
</CodeSystem>