<?xml version="1.0" encoding="UTF-8"?>

<CodeSystem xmlns="http://hl7.org/fhir">
  <id value="csTipologiaPiano"/>
  <text>
    <status value="generated"/><div xmlns="http://www.w3.org/1999/xhtml"><p class="res-header-id"><b>Generated Narrative: CodeSystem csTipologiaPiano</b></p><a name="csTipologiaPiano"> </a><a name="hccsTipologiaPiano"> </a><a name="csTipologiaPiano-en-US"> </a><p>This  code system <code>https://agenas.gov.it/fhir/CodeSystem/csTipologiaPiano</code> defines the following codes:</p><table class="codes"><tr><td style="white-space:nowrap"><b>Code</b></td><td><b>Display</b></td><td><b>Definition</b></td></tr><tr><td style="white-space:nowrap">01<a name="csTipologiaPiano-01"> </a></td><td>Piano di Telemonitoraggio</td><td>Piano di Telemonitoraggio</td></tr><tr><td style="white-space:nowrap">02<a name="csTipologiaPiano-02"> </a></td><td>Piano di Teleassistenza</td><td>Piano di Teleassistenza</td></tr><tr><td style="white-space:nowrap">03<a name="csTipologiaPiano-03"> </a></td><td>Piano di Teleriabilitazione</td><td>Piano di Teleriabilitazione</td></tr></table></div>
  </text>
  <url value="https://agenas.gov.it/fhir/CodeSystem/csTipologiaPiano"/>
  <version value="0.1.0"/>
  <name value="CodeSystem_tipologia_piano"/>
  <title value="CodeSystem per la tipologia del piano"/>
  <status value="draft"/>
  <date value="2025-05-29T16:38:39+02:00"/>
  <publisher value="Example Publisher"/>
  <contact>
    <name value="Example Publisher"/>
    <telecom>
      <system value="url"/>
      <value value="http://example.org/example-publisher"/>
    </telecom>
  </contact>
  <description value="Definisce il sistema di terminologie da usare per i codici delle tipologie di piano"/>
  <content value="complete"/>
  <count value="3"/>
  <concept>
    <code value="01"/>
    <display value="Piano di Telemonitoraggio"/>
    <definition value="Piano di Telemonitoraggio"/>
  </concept>
  <concept>
    <code value="02"/>
    <display value="Piano di Teleassistenza"/>
    <definition value="Piano di Teleassistenza"/>
  </concept>
  <concept>
    <code value="03"/>
    <display value="Piano di Teleriabilitazione"/>
    <definition value="Piano di Teleriabilitazione"/>
  </concept>
</CodeSystem>