{
  "resourceType" : "CodeSystem",
  "id" : "csspecialityPractitionerRole",
  "text" : {
    "status" : "generated",
    "div" : "<div xmlns=\"http://www.w3.org/1999/xhtml\"><p class=\"res-header-id\"><b>Generated Narrative: CodeSystem csspecialityPractitionerRole</b></p><a name=\"csspecialityPractitionerRole\"> </a><a name=\"hccsspecialityPractitionerRole\"> </a><a name=\"csspecialityPractitionerRole-en-US\"> </a><p>This  code system <code>https://agenas.gov.it/fhir/CodeSystem/csspecialityPractitionerRole</code> provides some codes <b>that are example only</b>:</p><table class=\"codes\"><tr><td style=\"white-space:nowrap\"><b>Code</b></td><td><b>Display</b></td><td><b>Definition</b></td></tr><tr><td style=\"white-space:nowrap\">01<a name=\"csspecialityPractitionerRole-01\"> </a></td><td>Allergologia</td><td>Allergologia</td></tr><tr><td style=\"white-space:nowrap\">02<a name=\"csspecialityPractitionerRole-02\"> </a></td><td>Day hospital</td><td>Day hospital - Identifica reparti esclusivamente dedicati ad attività di day hospital multispecialistico</td></tr><tr><td style=\"white-space:nowrap\">03<a name=\"csspecialityPractitionerRole-03\"> </a></td><td>Anatomia ed istologia patologica</td><td>Anatomia ed istologia patologica</td></tr><tr><td style=\"white-space:nowrap\">05<a name=\"csspecialityPractitionerRole-05\"> </a></td><td>Angiologia</td><td>Angiologia</td></tr><tr><td style=\"white-space:nowrap\">06<a name=\"csspecialityPractitionerRole-06\"> </a></td><td>Cardiochirurgia pediatrica</td><td>Cardiochirurgia pediatrica</td></tr><tr><td style=\"white-space:nowrap\">07<a name=\"csspecialityPractitionerRole-07\"> </a></td><td>Cardiochirurgia</td><td>Cardiochirurgia</td></tr><tr><td style=\"white-space:nowrap\">08<a name=\"csspecialityPractitionerRole-08\"> </a></td><td>Cardiologia</td><td>Cardiologia - Non include i posti letto di unità coronarica, che sono invece attribuiti alla disciplina 50 - 'Unità coronarica' anche se localizzati in un reparto di cardiologia</td></tr><tr><td style=\"white-space:nowrap\">09<a name=\"csspecialityPractitionerRole-09\"> </a></td><td>Chirurgia generale</td><td>Chirurgia generale</td></tr><tr><td style=\"white-space:nowrap\">10<a name=\"csspecialityPractitionerRole-10\"> </a></td><td>Chirurgia maxillo facciale</td><td>Chirurgia maxillo facciale</td></tr><tr><td style=\"white-space:nowrap\">11<a name=\"csspecialityPractitionerRole-11\"> </a></td><td>Chirurgia pediatrica</td><td>Chirurgia pediatrica</td></tr><tr><td style=\"white-space:nowrap\">12<a name=\"csspecialityPractitionerRole-12\"> </a></td><td>Chirurgia plastica</td><td>Chirurgia plastica</td></tr><tr><td style=\"white-space:nowrap\">13<a name=\"csspecialityPractitionerRole-13\"> </a></td><td>Chirurgia toracica</td><td>Chirurgia toracica</td></tr><tr><td style=\"white-space:nowrap\">14<a name=\"csspecialityPractitionerRole-14\"> </a></td><td>Chirurgia vascolare</td><td>Chirurgia vascolare</td></tr><tr><td style=\"white-space:nowrap\">15<a name=\"csspecialityPractitionerRole-15\"> </a></td><td>Chirurgia sportiva</td><td>Chirurgia sportiva</td></tr><tr><td style=\"white-space:nowrap\">18<a name=\"csspecialityPractitionerRole-18\"> </a></td><td>Ematologia</td><td>Ematologia - Include i posti letto di immunoematologia</td></tr><tr><td style=\"white-space:nowrap\">19<a name=\"csspecialityPractitionerRole-19\"> </a></td><td>Malattie endocrine, del ricambio e della nutrizione</td><td>Malattie endocrine, del ricambio e della nutrizione</td></tr><tr><td style=\"white-space:nowrap\">20<a name=\"csspecialityPractitionerRole-20\"> </a></td><td>Immunologia</td><td>Immunologia - Non include i posti letto di immunoematologia, che sono invece attribuiti alla disciplina 18 - Ematologia</td></tr><tr><td style=\"white-space:nowrap\">21<a name=\"csspecialityPractitionerRole-21\"> </a></td><td>Geriatria</td><td>Geriatria</td></tr><tr><td style=\"white-space:nowrap\">24<a name=\"csspecialityPractitionerRole-24\"> </a></td><td>Malattie infettive e tropicali</td><td>Malattie infettive e tropicali</td></tr><tr><td style=\"white-space:nowrap\">25<a name=\"csspecialityPractitionerRole-25\"> </a></td><td>Medicina del lavoro</td><td>Medicina del lavoro</td></tr><tr><td style=\"white-space:nowrap\">26<a name=\"csspecialityPractitionerRole-26\"> </a></td><td>Medicina generale</td><td>Medicina generale</td></tr><tr><td style=\"white-space:nowrap\">27<a name=\"csspecialityPractitionerRole-27\"> </a></td><td>Medicina legale</td><td>Medicina legale</td></tr><tr><td style=\"white-space:nowrap\">28<a name=\"csspecialityPractitionerRole-28\"> </a></td><td>Unità spinale</td><td>Unità spinale</td></tr><tr><td style=\"white-space:nowrap\">29<a name=\"csspecialityPractitionerRole-29\"> </a></td><td>Nefrologia</td><td>Nefrologia</td></tr><tr><td style=\"white-space:nowrap\">30<a name=\"csspecialityPractitionerRole-30\"> </a></td><td>Neurochirurgia</td><td>Neurochirurgia</td></tr><tr><td style=\"white-space:nowrap\">31<a name=\"csspecialityPractitionerRole-31\"> </a></td><td>Nido</td><td>Nido</td></tr><tr><td style=\"white-space:nowrap\">32<a name=\"csspecialityPractitionerRole-32\"> </a></td><td>Neurologia</td><td>Neurologia - Non include la psichiatria, a cui è attribuito il codice specifico '40', e la neuropsichiatria infantile, a cui è attribuito il codice specifico '33'.</td></tr><tr><td style=\"white-space:nowrap\">33<a name=\"csspecialityPractitionerRole-33\"> </a></td><td>Neuropsichiatria infantile</td><td>Neuropsichiatria infantile</td></tr><tr><td style=\"white-space:nowrap\">34<a name=\"csspecialityPractitionerRole-34\"> </a></td><td>Oculistica</td><td>Oculistica</td></tr><tr><td style=\"white-space:nowrap\">35<a name=\"csspecialityPractitionerRole-35\"> </a></td><td>Odontoiatria e stomatologia</td><td>Odontoiatria e stomatologia</td></tr><tr><td style=\"white-space:nowrap\">36<a name=\"csspecialityPractitionerRole-36\"> </a></td><td>Ortopedia e traumatologia</td><td>Ortopedia e traumatologia</td></tr><tr><td style=\"white-space:nowrap\">37<a name=\"csspecialityPractitionerRole-37\"> </a></td><td>Ostetricia e ginecologia</td><td>Ostetricia e ginecologia</td></tr><tr><td style=\"white-space:nowrap\">38<a name=\"csspecialityPractitionerRole-38\"> </a></td><td>Otorinolaringoiatra</td><td>Otorinolaringoiatra</td></tr><tr><td style=\"white-space:nowrap\">39<a name=\"csspecialityPractitionerRole-39\"> </a></td><td>Pediatria</td><td>Pediatria - Non include la neonatologia, a cui è attribuito il codice specifico '62'</td></tr><tr><td style=\"white-space:nowrap\">40<a name=\"csspecialityPractitionerRole-40\"> </a></td><td>Psichiatria</td><td>Psichiatria - Non include la neuropsichiatria infantile, a cui è attribuito il codice specifico '33'</td></tr><tr><td style=\"white-space:nowrap\">41<a name=\"csspecialityPractitionerRole-41\"> </a></td><td>Medicina termale</td><td>Medicina termale</td></tr><tr><td style=\"white-space:nowrap\">42<a name=\"csspecialityPractitionerRole-42\"> </a></td><td>Tossicologia</td><td>Tossicologia</td></tr><tr><td style=\"white-space:nowrap\">43<a name=\"csspecialityPractitionerRole-43\"> </a></td><td>Urologia</td><td>Urologia</td></tr><tr><td style=\"white-space:nowrap\">46<a name=\"csspecialityPractitionerRole-46\"> </a></td><td>Grandi ustioni pediatriche</td><td>Grandi ustioni pediatriche</td></tr><tr><td style=\"white-space:nowrap\">47<a name=\"csspecialityPractitionerRole-47\"> </a></td><td>Grandi ustioni</td><td>Grandi ustioni</td></tr><tr><td style=\"white-space:nowrap\">48<a name=\"csspecialityPractitionerRole-48\"> </a></td><td>Nefrologia</td><td>Nefrologia</td></tr><tr><td style=\"white-space:nowrap\">49<a name=\"csspecialityPractitionerRole-49\"> </a></td><td>Terapia intensiva</td><td>Terapia intensiva - Non include i posti letto di unità intensiva cardiologica, che sono invece attribuiti alla disciplina '50' - Unità coronarica</td></tr><tr><td style=\"white-space:nowrap\">50<a name=\"csspecialityPractitionerRole-50\"> </a></td><td>Unità coronarica</td><td>Unità coronarica - Include i posti letto di unità intensiva cardiologica</td></tr><tr><td style=\"white-space:nowrap\">51<a name=\"csspecialityPractitionerRole-51\"> </a></td><td>Astanteria</td><td>Astanteria</td></tr><tr><td style=\"white-space:nowrap\">52<a name=\"csspecialityPractitionerRole-52\"> </a></td><td>Dermatologia</td><td>Dermatologia</td></tr><tr><td style=\"white-space:nowrap\">54<a name=\"csspecialityPractitionerRole-54\"> </a></td><td>Emodialisi</td><td>Emodialisi</td></tr><tr><td style=\"white-space:nowrap\">55<a name=\"csspecialityPractitionerRole-55\"> </a></td><td>Farmacologia clinica</td><td>Farmacologia clinica</td></tr><tr><td style=\"white-space:nowrap\">56<a name=\"csspecialityPractitionerRole-56\"> </a></td><td>Recupero e riabilitazione funzionale</td><td>Recupero e riabilitazione funzionale - Non include l'unità spinale, a cui è attribuito il codice specifico '28', e la neuro-riabilitazione, a cui è attribuito il codice specifico '75'.</td></tr><tr><td style=\"white-space:nowrap\">57<a name=\"csspecialityPractitionerRole-57\"> </a></td><td>Fisiopatologia della riproduzione umana</td><td>Fisiopatologia della riproduzione umana</td></tr><tr><td style=\"white-space:nowrap\">58<a name=\"csspecialityPractitionerRole-58\"> </a></td><td>Gastroenterolgia</td><td>Gastroenterolgia</td></tr><tr><td style=\"white-space:nowrap\">60<a name=\"csspecialityPractitionerRole-60\"> </a></td><td>Lungodegenti</td><td>Lungodegenti</td></tr><tr><td style=\"white-space:nowrap\">61<a name=\"csspecialityPractitionerRole-61\"> </a></td><td>Medicina nucleare</td><td>Medicina nucleare</td></tr><tr><td style=\"white-space:nowrap\">62<a name=\"csspecialityPractitionerRole-62\"> </a></td><td>Neatologia</td><td>Neatologia</td></tr><tr><td style=\"white-space:nowrap\">64<a name=\"csspecialityPractitionerRole-64\"> </a></td><td>Oncologia</td><td>Oncologia</td></tr><tr><td style=\"white-space:nowrap\">65<a name=\"csspecialityPractitionerRole-65\"> </a></td><td>Oncoematologia pediatrica</td><td>Oncoematologia pediatrica</td></tr><tr><td style=\"white-space:nowrap\">66<a name=\"csspecialityPractitionerRole-66\"> </a></td><td>Oncoematologia</td><td>Oncoematologia</td></tr><tr><td style=\"white-space:nowrap\">67<a name=\"csspecialityPractitionerRole-67\"> </a></td><td>Pensionati</td><td>Pensionati</td></tr><tr><td style=\"white-space:nowrap\">68<a name=\"csspecialityPractitionerRole-68\"> </a></td><td>Pneumologia</td><td>Pneumologia</td></tr><tr><td style=\"white-space:nowrap\">69<a name=\"csspecialityPractitionerRole-69\"> </a></td><td>Radiologia</td><td>Radiologia</td></tr><tr><td style=\"white-space:nowrap\">70<a name=\"csspecialityPractitionerRole-70\"> </a></td><td>Radioterapia</td><td>Radioterapia</td></tr><tr><td style=\"white-space:nowrap\">71<a name=\"csspecialityPractitionerRole-71\"> </a></td><td>Reumatologia</td><td>Reumatologia</td></tr><tr><td style=\"white-space:nowrap\">73<a name=\"csspecialityPractitionerRole-73\"> </a></td><td>Terapia intensiva neonatale</td><td>Terapia intensiva neonatale</td></tr><tr><td style=\"white-space:nowrap\">74<a name=\"csspecialityPractitionerRole-74\"> </a></td><td>Radioterpia oncologica</td><td>Radioterpia oncologica</td></tr><tr><td style=\"white-space:nowrap\">75<a name=\"csspecialityPractitionerRole-75\"> </a></td><td>Neuro-riabilitazione</td><td>Neuro-riabilitazione</td></tr><tr><td style=\"white-space:nowrap\">76<a name=\"csspecialityPractitionerRole-76\"> </a></td><td>Neurochirurgia pediatrica</td><td>Neurochirurgia pediatrica)</td></tr><tr><td style=\"white-space:nowrap\">77<a name=\"csspecialityPractitionerRole-77\"> </a></td><td>Nefrologia pediatrica</td><td>Nefrologia pediatrica</td></tr><tr><td style=\"white-space:nowrap\">78<a name=\"csspecialityPractitionerRole-78\"> </a></td><td>Urologia pediatrica</td><td>Urologia pediatrica</td></tr><tr><td style=\"white-space:nowrap\">96<a name=\"csspecialityPractitionerRole-96\"> </a></td><td>Terapia del dolore</td><td>Terapia del dolore</td></tr><tr><td style=\"white-space:nowrap\">97<a name=\"csspecialityPractitionerRole-97\"> </a></td><td>Detenuti</td><td>Detenuti</td></tr><tr><td style=\"white-space:nowrap\">98<a name=\"csspecialityPractitionerRole-98\"> </a></td><td>Day surgery</td><td>Day surgery - Identifica reparti esclusivamente dedicati ad attività di day surgery multispecialistico</td></tr><tr><td style=\"white-space:nowrap\">99<a name=\"csspecialityPractitionerRole-99\"> </a></td><td>Cure palliative - Identifica i reparti utilizzati per i ricoveri in regime diurno per cure palliative, in conformità alle indicazioni contenute nel “Documento sui requisiti minimi e le modalità organizzative necessari per l’accreditamento delle strutture di assistenza ai malati in fase terminale e delle unità di cure palliative e della terapia del dolore” allegato all’Intesa Stato-Regioni del 25 luglio 2012</td><td>Cure palliative</td></tr></table></div>"
  },
  "url" : "https://agenas.gov.it/fhir/CodeSystem/csspecialityPractitionerRole",
  "version" : "0.1.0",
  "name" : "CodeSystem_per_specialita_PractitionerRole",
  "title" : "CodeSystem per specialita PractitionerRole",
  "status" : "draft",
  "experimental" : true,
  "date" : "2025-05-29T16:38:39+02:00",
  "publisher" : "Example Publisher",
  "contact" : [{
    "name" : "Example Publisher",
    "telecom" : [{
      "system" : "url",
      "value" : "http://example.org/example-publisher"
    }]
  }],
  "description" : "Definisce il sistema di terminologie da usare per i codici delle specialità cliniche e delle discipline ospedaliere. (19A00915) (GU Serie Generale n.38 del 14-02-2019)",
  "versionNeeded" : false,
  "content" : "example",
  "concept" : [{
    "code" : "01",
    "display" : "Allergologia",
    "definition" : "Allergologia"
  },
  {
    "code" : "02",
    "display" : "Day hospital",
    "definition" : "Day hospital - Identifica reparti esclusivamente dedicati ad attività di day hospital multispecialistico"
  },
  {
    "code" : "03",
    "display" : "Anatomia ed istologia patologica",
    "definition" : "Anatomia ed istologia patologica"
  },
  {
    "code" : "05",
    "display" : "Angiologia",
    "definition" : "Angiologia"
  },
  {
    "code" : "06",
    "display" : "Cardiochirurgia pediatrica",
    "definition" : "Cardiochirurgia pediatrica"
  },
  {
    "code" : "07",
    "display" : "Cardiochirurgia",
    "definition" : "Cardiochirurgia"
  },
  {
    "code" : "08",
    "display" : "Cardiologia",
    "definition" : "Cardiologia - Non include i posti letto di unità coronarica, che sono invece attribuiti alla disciplina 50 - 'Unità coronarica' anche se localizzati in un reparto di cardiologia"
  },
  {
    "code" : "09",
    "display" : "Chirurgia generale",
    "definition" : "Chirurgia generale"
  },
  {
    "code" : "10",
    "display" : "Chirurgia maxillo facciale",
    "definition" : "Chirurgia maxillo facciale"
  },
  {
    "code" : "11",
    "display" : "Chirurgia pediatrica",
    "definition" : "Chirurgia pediatrica"
  },
  {
    "code" : "12",
    "display" : "Chirurgia plastica",
    "definition" : "Chirurgia plastica"
  },
  {
    "code" : "13",
    "display" : "Chirurgia toracica",
    "definition" : "Chirurgia toracica"
  },
  {
    "code" : "14",
    "display" : "Chirurgia vascolare",
    "definition" : "Chirurgia vascolare"
  },
  {
    "code" : "15",
    "display" : "Chirurgia sportiva",
    "definition" : "Chirurgia sportiva"
  },
  {
    "code" : "18",
    "display" : "Ematologia",
    "definition" : "Ematologia - Include i posti letto di immunoematologia"
  },
  {
    "code" : "19",
    "display" : "Malattie endocrine, del ricambio e della nutrizione",
    "definition" : "Malattie endocrine, del ricambio e della nutrizione"
  },
  {
    "code" : "20",
    "display" : "Immunologia",
    "definition" : "Immunologia - Non include i posti letto di immunoematologia, che sono invece attribuiti alla disciplina 18 - Ematologia"
  },
  {
    "code" : "21",
    "display" : "Geriatria",
    "definition" : "Geriatria"
  },
  {
    "code" : "24",
    "display" : "Malattie infettive e tropicali",
    "definition" : "Malattie infettive e tropicali"
  },
  {
    "code" : "25",
    "display" : "Medicina del lavoro",
    "definition" : "Medicina del lavoro"
  },
  {
    "code" : "26",
    "display" : "Medicina generale",
    "definition" : "Medicina generale"
  },
  {
    "code" : "27",
    "display" : "Medicina legale",
    "definition" : "Medicina legale"
  },
  {
    "code" : "28",
    "display" : "Unità spinale",
    "definition" : "Unità spinale"
  },
  {
    "code" : "29",
    "display" : "Nefrologia",
    "definition" : "Nefrologia"
  },
  {
    "code" : "30",
    "display" : "Neurochirurgia",
    "definition" : "Neurochirurgia"
  },
  {
    "code" : "31",
    "display" : "Nido",
    "definition" : "Nido"
  },
  {
    "code" : "32",
    "display" : "Neurologia",
    "definition" : "Neurologia - Non include la psichiatria, a cui è attribuito il codice specifico '40', e la neuropsichiatria infantile, a cui è attribuito il codice specifico '33'."
  },
  {
    "code" : "33",
    "display" : "Neuropsichiatria infantile",
    "definition" : "Neuropsichiatria infantile"
  },
  {
    "code" : "34",
    "display" : "Oculistica",
    "definition" : "Oculistica"
  },
  {
    "code" : "35",
    "display" : "Odontoiatria e stomatologia",
    "definition" : "Odontoiatria e stomatologia"
  },
  {
    "code" : "36",
    "display" : "Ortopedia e traumatologia",
    "definition" : "Ortopedia e traumatologia"
  },
  {
    "code" : "37",
    "display" : "Ostetricia e ginecologia",
    "definition" : "Ostetricia e ginecologia"
  },
  {
    "code" : "38",
    "display" : "Otorinolaringoiatra",
    "definition" : "Otorinolaringoiatra"
  },
  {
    "code" : "39",
    "display" : "Pediatria",
    "definition" : "Pediatria - Non include la neonatologia, a cui è attribuito il codice specifico '62'"
  },
  {
    "code" : "40",
    "display" : "Psichiatria",
    "definition" : "Psichiatria - Non include la neuropsichiatria infantile, a cui è attribuito il codice specifico '33'"
  },
  {
    "code" : "41",
    "display" : "Medicina termale",
    "definition" : "Medicina termale"
  },
  {
    "code" : "42",
    "display" : "Tossicologia",
    "definition" : "Tossicologia"
  },
  {
    "code" : "43",
    "display" : "Urologia",
    "definition" : "Urologia"
  },
  {
    "code" : "46",
    "display" : "Grandi ustioni pediatriche",
    "definition" : "Grandi ustioni pediatriche"
  },
  {
    "code" : "47",
    "display" : "Grandi ustioni",
    "definition" : "Grandi ustioni"
  },
  {
    "code" : "48",
    "display" : "Nefrologia",
    "definition" : "Nefrologia"
  },
  {
    "code" : "49",
    "display" : "Terapia intensiva",
    "definition" : "Terapia intensiva - Non include i posti letto di unità intensiva cardiologica, che sono invece attribuiti alla disciplina '50' - Unità coronarica"
  },
  {
    "code" : "50",
    "display" : "Unità coronarica",
    "definition" : "Unità coronarica - Include i posti letto di unità intensiva cardiologica"
  },
  {
    "code" : "51",
    "display" : "Astanteria",
    "definition" : "Astanteria"
  },
  {
    "code" : "52",
    "display" : "Dermatologia",
    "definition" : "Dermatologia"
  },
  {
    "code" : "54",
    "display" : "Emodialisi",
    "definition" : "Emodialisi"
  },
  {
    "code" : "55",
    "display" : "Farmacologia clinica",
    "definition" : "Farmacologia clinica"
  },
  {
    "code" : "56",
    "display" : "Recupero e riabilitazione funzionale",
    "definition" : "Recupero e riabilitazione funzionale - Non include l'unità spinale, a cui è attribuito il codice specifico '28', e la neuro-riabilitazione, a cui è attribuito il codice specifico '75'."
  },
  {
    "code" : "57",
    "display" : "Fisiopatologia della riproduzione umana",
    "definition" : "Fisiopatologia della riproduzione umana"
  },
  {
    "code" : "58",
    "display" : "Gastroenterolgia",
    "definition" : "Gastroenterolgia"
  },
  {
    "code" : "60",
    "display" : "Lungodegenti",
    "definition" : "Lungodegenti"
  },
  {
    "code" : "61",
    "display" : "Medicina nucleare",
    "definition" : "Medicina nucleare"
  },
  {
    "code" : "62",
    "display" : "Neatologia",
    "definition" : "Neatologia"
  },
  {
    "code" : "64",
    "display" : "Oncologia",
    "definition" : "Oncologia"
  },
  {
    "code" : "65",
    "display" : "Oncoematologia pediatrica",
    "definition" : "Oncoematologia pediatrica"
  },
  {
    "code" : "66",
    "display" : "Oncoematologia",
    "definition" : "Oncoematologia"
  },
  {
    "code" : "67",
    "display" : "Pensionati",
    "definition" : "Pensionati"
  },
  {
    "code" : "68",
    "display" : "Pneumologia",
    "definition" : "Pneumologia"
  },
  {
    "code" : "69",
    "display" : "Radiologia",
    "definition" : "Radiologia"
  },
  {
    "code" : "70",
    "display" : "Radioterapia",
    "definition" : "Radioterapia"
  },
  {
    "code" : "71",
    "display" : "Reumatologia",
    "definition" : "Reumatologia"
  },
  {
    "code" : "73",
    "display" : "Terapia intensiva neonatale",
    "definition" : "Terapia intensiva neonatale"
  },
  {
    "code" : "74",
    "display" : "Radioterpia oncologica",
    "definition" : "Radioterpia oncologica"
  },
  {
    "code" : "75",
    "display" : "Neuro-riabilitazione",
    "definition" : "Neuro-riabilitazione"
  },
  {
    "code" : "76",
    "display" : "Neurochirurgia pediatrica",
    "definition" : "Neurochirurgia pediatrica)"
  },
  {
    "code" : "77",
    "display" : "Nefrologia pediatrica",
    "definition" : "Nefrologia pediatrica"
  },
  {
    "code" : "78",
    "display" : "Urologia pediatrica",
    "definition" : "Urologia pediatrica"
  },
  {
    "code" : "96",
    "display" : "Terapia del dolore",
    "definition" : "Terapia del dolore"
  },
  {
    "code" : "97",
    "display" : "Detenuti",
    "definition" : "Detenuti"
  },
  {
    "code" : "98",
    "display" : "Day surgery",
    "definition" : "Day surgery - Identifica reparti esclusivamente dedicati ad attività di day surgery multispecialistico"
  },
  {
    "code" : "99",
    "display" : "Cure palliative - Identifica i reparti utilizzati per i ricoveri in regime diurno per cure palliative, in conformità alle indicazioni contenute nel “Documento sui requisiti minimi e le modalità organizzative necessari per l’accreditamento delle strutture di assistenza ai malati in fase terminale e delle unità di cure palliative e della terapia del dolore” allegato all’Intesa Stato-Regioni del 25 luglio 2012",
    "definition" : "Cure palliative"
  }]
}