<?xml version="1.0" encoding="UTF-8"?>

<CodeSystem xmlns="http://hl7.org/fhir">
  <id value="cs-tipo-ricetta"/>
  <text>
    <status value="generated"/><div xmlns="http://www.w3.org/1999/xhtml"><p class="res-header-id"><b>Generated Narrative: CodeSystem cs-tipo-ricetta</b></p><a name="cs-tipo-ricetta"> </a><a name="hccs-tipo-ricetta"> </a><a name="cs-tipo-ricetta-en-US"> </a><p>This case-sensitive code system <code>https://agenas.gov.it/fhir/CodeSystem/cs-tipo-ricetta</code> defines the following codes:</p><table class="codes"><tr><td style="white-space:nowrap"><b>Code</b></td><td><b>Display</b></td></tr><tr><td style="white-space:nowrap">EE<a name="cs-tipo-ricetta-EE"> </a></td><td>Assicurati extra-europei in temporaneo soggiorno</td></tr><tr><td style="white-space:nowrap">UE<a name="cs-tipo-ricetta-UE"> </a></td><td>Assicurati europei in temporaneo soggiorno</td></tr><tr><td style="white-space:nowrap">NA<a name="cs-tipo-ricetta-NA"> </a></td><td>Assistiti SASN con visita ambulatoriale</td></tr><tr><td style="white-space:nowrap">ND<a name="cs-tipo-ricetta-ND"> </a></td><td>Assistiti SASN con visita domiciliare</td></tr><tr><td style="white-space:nowrap">NE<a name="cs-tipo-ricetta-NE"> </a></td><td>Assistiti da istituzioni europee</td></tr><tr><td style="white-space:nowrap">NX<a name="cs-tipo-ricetta-NX"> </a></td><td>Assistiti SASN extraeuropei</td></tr><tr><td style="white-space:nowrap">ST<a name="cs-tipo-ricetta-ST"> </a></td><td>Stranieri in temporaneo soggiorno</td></tr></table></div>
  </text>
  <url value="https://agenas.gov.it/fhir/CodeSystem/cs-tipo-ricetta"/>
  <version value="0.1.0"/>
  <name value="CsTipoRicetta"/>
  <title value="Codici Assistenza per Stranieri"/>
  <status value="active"/>
  <date value="2025-05-29T16:38:39+02:00"/>
  <publisher value="Example Publisher"/>
  <contact>
    <name value="Example Publisher"/>
    <telecom>
      <system value="url"/>
      <value value="http://example.org/example-publisher"/>
    </telecom>
  </contact>
  <description value="Codici identificativi per tipologie di assistenza a stranieri in temporaneo soggiorno, secondo classificazioni italiane ed europee."/>
  <caseSensitive value="true"/>
  <content value="complete"/>
  <count value="7"/>
  <concept>
    <code value="EE"/>
    <display value="Assicurati extra-europei in temporaneo soggiorno"/>
  </concept>
  <concept>
    <code value="UE"/>
    <display value="Assicurati europei in temporaneo soggiorno"/>
  </concept>
  <concept>
    <code value="NA"/>
    <display value="Assistiti SASN con visita ambulatoriale"/>
  </concept>
  <concept>
    <code value="ND"/>
    <display value="Assistiti SASN con visita domiciliare"/>
  </concept>
  <concept>
    <code value="NE"/>
    <display value="Assistiti da istituzioni europee"/>
  </concept>
  <concept>
    <code value="NX"/>
    <display value="Assistiti SASN extraeuropei"/>
  </concept>
  <concept>
    <code value="ST"/>
    <display value="Stranieri in temporaneo soggiorno"/>
  </concept>
</CodeSystem>