{
  "resourceType" : "CodeSystem",
  "id" : "CodesystemMinisteroSaluteASL",
  "text" : {
    "status" : "generated",
    "div" : "<div xmlns=\"http://www.w3.org/1999/xhtml\"><p class=\"res-header-id\"><b>Generated Narrative: CodeSystem CodesystemMinisteroSaluteASL</b></p><a name=\"CodesystemMinisteroSaluteASL\"> </a><a name=\"hcCodesystemMinisteroSaluteASL\"> </a><a name=\"CodesystemMinisteroSaluteASL-en-US\"> </a><p>This case-insensitive code system <code>https://terminology.agenas.gov.it/CodeSystem/minsan-fls</code> defines the following codes:</p><table class=\"codes\"><tr><td style=\"white-space:nowrap\"><b>Code</b></td><td><b>Display</b></td></tr><tr><td style=\"white-space:nowrap\">010201<a name=\"CodesystemMinisteroSaluteASL-010201\"> </a></td><td>TO1</td></tr><tr><td style=\"white-space:nowrap\">010202<a name=\"CodesystemMinisteroSaluteASL-010202\"> </a></td><td>TO2</td></tr><tr><td style=\"white-space:nowrap\">010203<a name=\"CodesystemMinisteroSaluteASL-010203\"> </a></td><td>TO3</td></tr><tr><td style=\"white-space:nowrap\">010204<a name=\"CodesystemMinisteroSaluteASL-010204\"> </a></td><td>TO4</td></tr><tr><td style=\"white-space:nowrap\">010205<a name=\"CodesystemMinisteroSaluteASL-010205\"> </a></td><td>TO5</td></tr><tr><td style=\"white-space:nowrap\">010206<a name=\"CodesystemMinisteroSaluteASL-010206\"> </a></td><td>VC</td></tr><tr><td style=\"white-space:nowrap\">010207<a name=\"CodesystemMinisteroSaluteASL-010207\"> </a></td><td>BI</td></tr><tr><td style=\"white-space:nowrap\">010208<a name=\"CodesystemMinisteroSaluteASL-010208\"> </a></td><td>NO</td></tr><tr><td style=\"white-space:nowrap\">010209<a name=\"CodesystemMinisteroSaluteASL-010209\"> </a></td><td>VCO</td></tr><tr><td style=\"white-space:nowrap\">010210<a name=\"CodesystemMinisteroSaluteASL-010210\"> </a></td><td>CN1</td></tr><tr><td style=\"white-space:nowrap\">010211<a name=\"CodesystemMinisteroSaluteASL-010211\"> </a></td><td>CN2</td></tr><tr><td style=\"white-space:nowrap\">010212<a name=\"CodesystemMinisteroSaluteASL-010212\"> </a></td><td>AT</td></tr><tr><td style=\"white-space:nowrap\">010213<a name=\"CodesystemMinisteroSaluteASL-010213\"> </a></td><td>AL</td></tr><tr><td style=\"white-space:nowrap\">010301<a name=\"CodesystemMinisteroSaluteASL-010301\"> </a></td><td>ASL CITTA' DI TORINO</td></tr><tr><td style=\"white-space:nowrap\">020101<a name=\"CodesystemMinisteroSaluteASL-020101\"> </a></td><td>AZIENDA U.S.L. VALLE D'AOSTA</td></tr><tr><td style=\"white-space:nowrap\">030301<a name=\"CodesystemMinisteroSaluteASL-030301\"> </a></td><td>A.S.L. DELLA PROVINCIA DI BERGAMO</td></tr><tr><td style=\"white-space:nowrap\">030302<a name=\"CodesystemMinisteroSaluteASL-030302\"> </a></td><td>A.S.L. DELLA PROVINCIA DI BRESCIA</td></tr><tr><td style=\"white-space:nowrap\">030303<a name=\"CodesystemMinisteroSaluteASL-030303\"> </a></td><td>A.S.L. DELLA PROVINCIA DI COMO</td></tr><tr><td style=\"white-space:nowrap\">030304<a name=\"CodesystemMinisteroSaluteASL-030304\"> </a></td><td>A.S.L. DELLA PROVINCIA DI CREMONA</td></tr><tr><td style=\"white-space:nowrap\">030305<a name=\"CodesystemMinisteroSaluteASL-030305\"> </a></td><td>A.S.L. DELLA PROVINCIA DI LECCO</td></tr><tr><td style=\"white-space:nowrap\">030306<a name=\"CodesystemMinisteroSaluteASL-030306\"> </a></td><td>A.S.L. DELLA PROVINCIA DI LODI</td></tr><tr><td style=\"white-space:nowrap\">030307<a name=\"CodesystemMinisteroSaluteASL-030307\"> </a></td><td>A.S.L. DELLA PROVINCIA DI MANTOVA</td></tr><tr><td style=\"white-space:nowrap\">030308<a name=\"CodesystemMinisteroSaluteASL-030308\"> </a></td><td>A.S.L. DI MILANO</td></tr><tr><td style=\"white-space:nowrap\">030309<a name=\"CodesystemMinisteroSaluteASL-030309\"> </a></td><td>A.S.L. DELLA PROVINCIA DI MILANO 1</td></tr><tr><td style=\"white-space:nowrap\">030310<a name=\"CodesystemMinisteroSaluteASL-030310\"> </a></td><td>A.S.L. DELLA PROVINCIA DI MILANO 2</td></tr><tr><td style=\"white-space:nowrap\">030311<a name=\"CodesystemMinisteroSaluteASL-030311\"> </a></td><td>A.S.L. PROVINCIA DI MONZA E BRIANZA</td></tr><tr><td style=\"white-space:nowrap\">030312<a name=\"CodesystemMinisteroSaluteASL-030312\"> </a></td><td>A.S.L. DELLA PROVINCIA DI PAVIA</td></tr><tr><td style=\"white-space:nowrap\">030313<a name=\"CodesystemMinisteroSaluteASL-030313\"> </a></td><td>A.S.L. DELLA PROVINCIA DI SONDRIO</td></tr><tr><td style=\"white-space:nowrap\">030314<a name=\"CodesystemMinisteroSaluteASL-030314\"> </a></td><td>A.S.L. DELLA PROVINCIA DI VARESE</td></tr><tr><td style=\"white-space:nowrap\">030315<a name=\"CodesystemMinisteroSaluteASL-030315\"> </a></td><td>A.S.L. DI VALLECAMONICA-SEBINO</td></tr><tr><td style=\"white-space:nowrap\">030321<a name=\"CodesystemMinisteroSaluteASL-030321\"> </a></td><td>ATS DELLA CITTA' METROPOLITANA DI MILANO</td></tr><tr><td style=\"white-space:nowrap\">030322<a name=\"CodesystemMinisteroSaluteASL-030322\"> </a></td><td>ATS DELL'INSUBRIA</td></tr><tr><td style=\"white-space:nowrap\">030323<a name=\"CodesystemMinisteroSaluteASL-030323\"> </a></td><td>ATS DELLA MONTAGNA</td></tr><tr><td style=\"white-space:nowrap\">030324<a name=\"CodesystemMinisteroSaluteASL-030324\"> </a></td><td>ATS DELLA BRIANZA</td></tr><tr><td style=\"white-space:nowrap\">030325<a name=\"CodesystemMinisteroSaluteASL-030325\"> </a></td><td>ATS DI BERGAMO</td></tr><tr><td style=\"white-space:nowrap\">030326<a name=\"CodesystemMinisteroSaluteASL-030326\"> </a></td><td>ATS DI BRESCIA</td></tr><tr><td style=\"white-space:nowrap\">030327<a name=\"CodesystemMinisteroSaluteASL-030327\"> </a></td><td>ATS DELLA VAL PADANA</td></tr><tr><td style=\"white-space:nowrap\">030328<a name=\"CodesystemMinisteroSaluteASL-030328\"> </a></td><td>ATS DI PAVIA</td></tr><tr><td style=\"white-space:nowrap\">041201<a name=\"CodesystemMinisteroSaluteASL-041201\"> </a></td><td>AZIENDA SANITARIA DELLA P.A. DI BOLZANO</td></tr><tr><td style=\"white-space:nowrap\">042101<a name=\"CodesystemMinisteroSaluteASL-042101\"> </a></td><td>TRENTO</td></tr><tr><td style=\"white-space:nowrap\">050101<a name=\"CodesystemMinisteroSaluteASL-050101\"> </a></td><td>BELLUNO</td></tr><tr><td style=\"white-space:nowrap\">050102<a name=\"CodesystemMinisteroSaluteASL-050102\"> </a></td><td>FELTRE</td></tr><tr><td style=\"white-space:nowrap\">050103<a name=\"CodesystemMinisteroSaluteASL-050103\"> </a></td><td>BASSANO DEL GRAPPA</td></tr><tr><td style=\"white-space:nowrap\">050104<a name=\"CodesystemMinisteroSaluteASL-050104\"> </a></td><td>THIENE</td></tr><tr><td style=\"white-space:nowrap\">050105<a name=\"CodesystemMinisteroSaluteASL-050105\"> </a></td><td>ARZIGNANO</td></tr><tr><td style=\"white-space:nowrap\">050106<a name=\"CodesystemMinisteroSaluteASL-050106\"> </a></td><td>VICENZA</td></tr><tr><td style=\"white-space:nowrap\">050107<a name=\"CodesystemMinisteroSaluteASL-050107\"> </a></td><td>PIEVE DI SOLIGO</td></tr><tr><td style=\"white-space:nowrap\">050108<a name=\"CodesystemMinisteroSaluteASL-050108\"> </a></td><td>ASOLO</td></tr><tr><td style=\"white-space:nowrap\">050109<a name=\"CodesystemMinisteroSaluteASL-050109\"> </a></td><td>TREVISO</td></tr><tr><td style=\"white-space:nowrap\">050110<a name=\"CodesystemMinisteroSaluteASL-050110\"> </a></td><td>S. DONA' DI PIAVE</td></tr><tr><td style=\"white-space:nowrap\">050112<a name=\"CodesystemMinisteroSaluteASL-050112\"> </a></td><td>VENEZIANA</td></tr><tr><td style=\"white-space:nowrap\">050113<a name=\"CodesystemMinisteroSaluteASL-050113\"> </a></td><td>MIRANO</td></tr><tr><td style=\"white-space:nowrap\">050114<a name=\"CodesystemMinisteroSaluteASL-050114\"> </a></td><td>CHIOGGIA</td></tr><tr><td style=\"white-space:nowrap\">050115<a name=\"CodesystemMinisteroSaluteASL-050115\"> </a></td><td>CITTADELLA</td></tr><tr><td style=\"white-space:nowrap\">050116<a name=\"CodesystemMinisteroSaluteASL-050116\"> </a></td><td>PADOVA</td></tr><tr><td style=\"white-space:nowrap\">050117<a name=\"CodesystemMinisteroSaluteASL-050117\"> </a></td><td>MONSELICE</td></tr><tr><td style=\"white-space:nowrap\">050118<a name=\"CodesystemMinisteroSaluteASL-050118\"> </a></td><td>ROVIGO</td></tr><tr><td style=\"white-space:nowrap\">050119<a name=\"CodesystemMinisteroSaluteASL-050119\"> </a></td><td>ADRIA</td></tr><tr><td style=\"white-space:nowrap\">050120<a name=\"CodesystemMinisteroSaluteASL-050120\"> </a></td><td>VERONA</td></tr><tr><td style=\"white-space:nowrap\">050121<a name=\"CodesystemMinisteroSaluteASL-050121\"> </a></td><td>LEGNAGO</td></tr><tr><td style=\"white-space:nowrap\">050122<a name=\"CodesystemMinisteroSaluteASL-050122\"> </a></td><td>BUSSOLENGO</td></tr><tr><td style=\"white-space:nowrap\">050501<a name=\"CodesystemMinisteroSaluteASL-050501\"> </a></td><td>AZIENDA ULSS N. 1 DOLOMITI</td></tr><tr><td style=\"white-space:nowrap\">050502<a name=\"CodesystemMinisteroSaluteASL-050502\"> </a></td><td>AZIENDA ULSS N. 2 MARCA TREVIGIANA</td></tr><tr><td style=\"white-space:nowrap\">050503<a name=\"CodesystemMinisteroSaluteASL-050503\"> </a></td><td>AZIENDA ULSS N. 3 SERENISSIMA</td></tr><tr><td style=\"white-space:nowrap\">050504<a name=\"CodesystemMinisteroSaluteASL-050504\"> </a></td><td>AZIENDA ULSS N. 4 VENETO ORIENTALE</td></tr><tr><td style=\"white-space:nowrap\">050505<a name=\"CodesystemMinisteroSaluteASL-050505\"> </a></td><td>AZIENDA ULSS N. 5 POLESANA</td></tr><tr><td style=\"white-space:nowrap\">050506<a name=\"CodesystemMinisteroSaluteASL-050506\"> </a></td><td>AZIENDA ULSS N. 6 EUGANEA</td></tr><tr><td style=\"white-space:nowrap\">050507<a name=\"CodesystemMinisteroSaluteASL-050507\"> </a></td><td>AZIENDA ULSS N. 7 PEDEMONTANA</td></tr><tr><td style=\"white-space:nowrap\">050508<a name=\"CodesystemMinisteroSaluteASL-050508\"> </a></td><td>AZIENDA ULSS N. 8 BERICA</td></tr><tr><td style=\"white-space:nowrap\">050509<a name=\"CodesystemMinisteroSaluteASL-050509\"> </a></td><td>AZIENDA ULSS N. 9 SCALIGERA</td></tr><tr><td style=\"white-space:nowrap\">060101<a name=\"CodesystemMinisteroSaluteASL-060101\"> </a></td><td>TRIESTINA</td></tr><tr><td style=\"white-space:nowrap\">060102<a name=\"CodesystemMinisteroSaluteASL-060102\"> </a></td><td>ISONTINA</td></tr><tr><td style=\"white-space:nowrap\">060103<a name=\"CodesystemMinisteroSaluteASL-060103\"> </a></td><td>ALTO FRIULI</td></tr><tr><td style=\"white-space:nowrap\">060104<a name=\"CodesystemMinisteroSaluteASL-060104\"> </a></td><td>MEDIO FRIULI</td></tr><tr><td style=\"white-space:nowrap\">060105<a name=\"CodesystemMinisteroSaluteASL-060105\"> </a></td><td>BASSA FRIULANA</td></tr><tr><td style=\"white-space:nowrap\">060106<a name=\"CodesystemMinisteroSaluteASL-060106\"> </a></td><td>FRIULI OCCIDENTALE</td></tr><tr><td style=\"white-space:nowrap\">060201<a name=\"CodesystemMinisteroSaluteASL-060201\"> </a></td><td>ASUI DI TRIESTE</td></tr><tr><td style=\"white-space:nowrap\">060202<a name=\"CodesystemMinisteroSaluteASL-060202\"> </a></td><td>BASSA FRIULANA - ISONTINA</td></tr><tr><td style=\"white-space:nowrap\">060203<a name=\"CodesystemMinisteroSaluteASL-060203\"> </a></td><td>ALTO FRIULI - COLLINARE - MEDIO FRIULI</td></tr><tr><td style=\"white-space:nowrap\">060204<a name=\"CodesystemMinisteroSaluteASL-060204\"> </a></td><td>ASUI DI UDINE</td></tr><tr><td style=\"white-space:nowrap\">060205<a name=\"CodesystemMinisteroSaluteASL-060205\"> </a></td><td>AS FRIULI OCCIDENTALE</td></tr><tr><td style=\"white-space:nowrap\">060206<a name=\"CodesystemMinisteroSaluteASL-060206\"> </a></td><td>ASU FRIULI CENTRALE</td></tr><tr><td style=\"white-space:nowrap\">060207<a name=\"CodesystemMinisteroSaluteASL-060207\"> </a></td><td>ASU GIULIANO ISONTINA</td></tr><tr><td style=\"white-space:nowrap\">070101<a name=\"CodesystemMinisteroSaluteASL-070101\"> </a></td><td>IMPERIESE</td></tr><tr><td style=\"white-space:nowrap\">070102<a name=\"CodesystemMinisteroSaluteASL-070102\"> </a></td><td>SAVONESE</td></tr><tr><td style=\"white-space:nowrap\">070103<a name=\"CodesystemMinisteroSaluteASL-070103\"> </a></td><td>GENOVESE</td></tr><tr><td style=\"white-space:nowrap\">070104<a name=\"CodesystemMinisteroSaluteASL-070104\"> </a></td><td>CHIAVARESE</td></tr><tr><td style=\"white-space:nowrap\">070105<a name=\"CodesystemMinisteroSaluteASL-070105\"> </a></td><td>SPEZZINO</td></tr><tr><td style=\"white-space:nowrap\">080101<a name=\"CodesystemMinisteroSaluteASL-080101\"> </a></td><td>AZIENDA USL PIACENZA</td></tr><tr><td style=\"white-space:nowrap\">080102<a name=\"CodesystemMinisteroSaluteASL-080102\"> </a></td><td>AZIENDA USL PARMA</td></tr><tr><td style=\"white-space:nowrap\">080103<a name=\"CodesystemMinisteroSaluteASL-080103\"> </a></td><td>AZIENDA USL REGGIO EMILIA</td></tr><tr><td style=\"white-space:nowrap\">080104<a name=\"CodesystemMinisteroSaluteASL-080104\"> </a></td><td>AZIENDA USL MODENA</td></tr><tr><td style=\"white-space:nowrap\">080105<a name=\"CodesystemMinisteroSaluteASL-080105\"> </a></td><td>AZIENDA USL BOLOGNA</td></tr><tr><td style=\"white-space:nowrap\">080106<a name=\"CodesystemMinisteroSaluteASL-080106\"> </a></td><td>AZIENDA USL IMOLA</td></tr><tr><td style=\"white-space:nowrap\">080109<a name=\"CodesystemMinisteroSaluteASL-080109\"> </a></td><td>AZIENDA USL FERRARA</td></tr><tr><td style=\"white-space:nowrap\">080110<a name=\"CodesystemMinisteroSaluteASL-080110\"> </a></td><td>AZIENDA USL RAVENNA</td></tr><tr><td style=\"white-space:nowrap\">080111<a name=\"CodesystemMinisteroSaluteASL-080111\"> </a></td><td>AZIENDA USL FORLI'</td></tr><tr><td style=\"white-space:nowrap\">080112<a name=\"CodesystemMinisteroSaluteASL-080112\"> </a></td><td>AZIENDA USL CESENA</td></tr><tr><td style=\"white-space:nowrap\">080113<a name=\"CodesystemMinisteroSaluteASL-080113\"> </a></td><td>AZIENDA USL RIMINI</td></tr><tr><td style=\"white-space:nowrap\">080114<a name=\"CodesystemMinisteroSaluteASL-080114\"> </a></td><td>AZIENDA USL DELLA ROMAGNA</td></tr><tr><td style=\"white-space:nowrap\">090101<a name=\"CodesystemMinisteroSaluteASL-090101\"> </a></td><td>MASSA CARRARA</td></tr><tr><td style=\"white-space:nowrap\">090102<a name=\"CodesystemMinisteroSaluteASL-090102\"> </a></td><td>LUCCA</td></tr><tr><td style=\"white-space:nowrap\">090103<a name=\"CodesystemMinisteroSaluteASL-090103\"> </a></td><td>PISTOIA</td></tr><tr><td style=\"white-space:nowrap\">090104<a name=\"CodesystemMinisteroSaluteASL-090104\"> </a></td><td>PRATO</td></tr><tr><td style=\"white-space:nowrap\">090105<a name=\"CodesystemMinisteroSaluteASL-090105\"> </a></td><td>PISA</td></tr><tr><td style=\"white-space:nowrap\">090106<a name=\"CodesystemMinisteroSaluteASL-090106\"> </a></td><td>LIVORNO</td></tr><tr><td style=\"white-space:nowrap\">090107<a name=\"CodesystemMinisteroSaluteASL-090107\"> </a></td><td>SIENA</td></tr><tr><td style=\"white-space:nowrap\">090108<a name=\"CodesystemMinisteroSaluteASL-090108\"> </a></td><td>AREZZO</td></tr><tr><td style=\"white-space:nowrap\">090109<a name=\"CodesystemMinisteroSaluteASL-090109\"> </a></td><td>GROSSETO</td></tr><tr><td style=\"white-space:nowrap\">090110<a name=\"CodesystemMinisteroSaluteASL-090110\"> </a></td><td>FIRENZE</td></tr><tr><td style=\"white-space:nowrap\">090111<a name=\"CodesystemMinisteroSaluteASL-090111\"> </a></td><td>EMPOLI</td></tr><tr><td style=\"white-space:nowrap\">090112<a name=\"CodesystemMinisteroSaluteASL-090112\"> </a></td><td>VERSILIA</td></tr><tr><td style=\"white-space:nowrap\">090201<a name=\"CodesystemMinisteroSaluteASL-090201\"> </a></td><td>AZIENDA USL TOSCANA CENTRO</td></tr><tr><td style=\"white-space:nowrap\">090202<a name=\"CodesystemMinisteroSaluteASL-090202\"> </a></td><td>AZIENDA USL TOSCANA NORD-OVEST</td></tr><tr><td style=\"white-space:nowrap\">090203<a name=\"CodesystemMinisteroSaluteASL-090203\"> </a></td><td>AZIENDA USL TOSCANA SUD-EST</td></tr><tr><td style=\"white-space:nowrap\">100101<a name=\"CodesystemMinisteroSaluteASL-100101\"> </a></td><td>ASL 1 - CITTA' DI CASTELLO</td></tr><tr><td style=\"white-space:nowrap\">100102<a name=\"CodesystemMinisteroSaluteASL-100102\"> </a></td><td>USL 2 - PERUGIA</td></tr><tr><td style=\"white-space:nowrap\">100103<a name=\"CodesystemMinisteroSaluteASL-100103\"> </a></td><td>ASL 3 - FOLIGNO</td></tr><tr><td style=\"white-space:nowrap\">100201<a name=\"CodesystemMinisteroSaluteASL-100201\"> </a></td><td>AUSL UMBRIA N. 1</td></tr><tr><td style=\"white-space:nowrap\">100202<a name=\"CodesystemMinisteroSaluteASL-100202\"> </a></td><td>AUSL UMBRIA N. 2</td></tr><tr><td style=\"white-space:nowrap\">100204<a name=\"CodesystemMinisteroSaluteASL-100204\"> </a></td><td>ASL 4 - TERNI</td></tr><tr><td style=\"white-space:nowrap\">110201<a name=\"CodesystemMinisteroSaluteASL-110201\"> </a></td><td>ASUR</td></tr><tr><td style=\"white-space:nowrap\">120101<a name=\"CodesystemMinisteroSaluteASL-120101\"> </a></td><td>RM/A</td></tr><tr><td style=\"white-space:nowrap\">120102<a name=\"CodesystemMinisteroSaluteASL-120102\"> </a></td><td>RM/B</td></tr><tr><td style=\"white-space:nowrap\">120103<a name=\"CodesystemMinisteroSaluteASL-120103\"> </a></td><td>RM/C</td></tr><tr><td style=\"white-space:nowrap\">120104<a name=\"CodesystemMinisteroSaluteASL-120104\"> </a></td><td>RM/D</td></tr><tr><td style=\"white-space:nowrap\">120105<a name=\"CodesystemMinisteroSaluteASL-120105\"> </a></td><td>RM/E</td></tr><tr><td style=\"white-space:nowrap\">120106<a name=\"CodesystemMinisteroSaluteASL-120106\"> </a></td><td>RM/F</td></tr><tr><td style=\"white-space:nowrap\">120107<a name=\"CodesystemMinisteroSaluteASL-120107\"> </a></td><td>RM/G</td></tr><tr><td style=\"white-space:nowrap\">120108<a name=\"CodesystemMinisteroSaluteASL-120108\"> </a></td><td>RM/H</td></tr><tr><td style=\"white-space:nowrap\">120109<a name=\"CodesystemMinisteroSaluteASL-120109\"> </a></td><td>VITERBO</td></tr><tr><td style=\"white-space:nowrap\">120110<a name=\"CodesystemMinisteroSaluteASL-120110\"> </a></td><td>RIETI</td></tr><tr><td style=\"white-space:nowrap\">120111<a name=\"CodesystemMinisteroSaluteASL-120111\"> </a></td><td>LATINA</td></tr><tr><td style=\"white-space:nowrap\">120112<a name=\"CodesystemMinisteroSaluteASL-120112\"> </a></td><td>FROSINONE</td></tr><tr><td style=\"white-space:nowrap\">120201<a name=\"CodesystemMinisteroSaluteASL-120201\"> </a></td><td>ROMA 1</td></tr><tr><td style=\"white-space:nowrap\">120202<a name=\"CodesystemMinisteroSaluteASL-120202\"> </a></td><td>ROMA 2</td></tr><tr><td style=\"white-space:nowrap\">120203<a name=\"CodesystemMinisteroSaluteASL-120203\"> </a></td><td>ROMA 3</td></tr><tr><td style=\"white-space:nowrap\">120204<a name=\"CodesystemMinisteroSaluteASL-120204\"> </a></td><td>ROMA 4</td></tr><tr><td style=\"white-space:nowrap\">120205<a name=\"CodesystemMinisteroSaluteASL-120205\"> </a></td><td>ROMA 5</td></tr><tr><td style=\"white-space:nowrap\">120206<a name=\"CodesystemMinisteroSaluteASL-120206\"> </a></td><td>ROMA 6</td></tr><tr><td style=\"white-space:nowrap\">130201<a name=\"CodesystemMinisteroSaluteASL-130201\"> </a></td><td>AVEZZANO-SULMONA-L'AQUILA</td></tr><tr><td style=\"white-space:nowrap\">130202<a name=\"CodesystemMinisteroSaluteASL-130202\"> </a></td><td>LANCIANO-VASTO-CHIETI</td></tr><tr><td style=\"white-space:nowrap\">130203<a name=\"CodesystemMinisteroSaluteASL-130203\"> </a></td><td>PESCARA</td></tr><tr><td style=\"white-space:nowrap\">130204<a name=\"CodesystemMinisteroSaluteASL-130204\"> </a></td><td>TERAMO</td></tr><tr><td style=\"white-space:nowrap\">140201<a name=\"CodesystemMinisteroSaluteASL-140201\"> </a></td><td>ASREM</td></tr><tr><td style=\"white-space:nowrap\">150201<a name=\"CodesystemMinisteroSaluteASL-150201\"> </a></td><td>A.S.L. AVELLINO</td></tr><tr><td style=\"white-space:nowrap\">150202<a name=\"CodesystemMinisteroSaluteASL-150202\"> </a></td><td>A.S.L. BENEVENTO</td></tr><tr><td style=\"white-space:nowrap\">150203<a name=\"CodesystemMinisteroSaluteASL-150203\"> </a></td><td>A.S.L. CASERTA</td></tr><tr><td style=\"white-space:nowrap\">150204<a name=\"CodesystemMinisteroSaluteASL-150204\"> </a></td><td>A.S.L. NAPOLI 1 CENTRO</td></tr><tr><td style=\"white-space:nowrap\">150205<a name=\"CodesystemMinisteroSaluteASL-150205\"> </a></td><td>A.S.L. NAPOLI 2 NORD</td></tr><tr><td style=\"white-space:nowrap\">150206<a name=\"CodesystemMinisteroSaluteASL-150206\"> </a></td><td>A.S.L. NAPOLI 3 SUD</td></tr><tr><td style=\"white-space:nowrap\">150207<a name=\"CodesystemMinisteroSaluteASL-150207\"> </a></td><td>A.S.L. SALERNO</td></tr><tr><td style=\"white-space:nowrap\">160106<a name=\"CodesystemMinisteroSaluteASL-160106\"> </a></td><td>ASL BR</td></tr><tr><td style=\"white-space:nowrap\">160112<a name=\"CodesystemMinisteroSaluteASL-160112\"> </a></td><td>ASL TA</td></tr><tr><td style=\"white-space:nowrap\">160113<a name=\"CodesystemMinisteroSaluteASL-160113\"> </a></td><td>ASL BT</td></tr><tr><td style=\"white-space:nowrap\">160114<a name=\"CodesystemMinisteroSaluteASL-160114\"> </a></td><td>ASL BA</td></tr><tr><td style=\"white-space:nowrap\">160115<a name=\"CodesystemMinisteroSaluteASL-160115\"> </a></td><td>ASL FG</td></tr><tr><td style=\"white-space:nowrap\">160116<a name=\"CodesystemMinisteroSaluteASL-160116\"> </a></td><td>ASL LE</td></tr><tr><td style=\"white-space:nowrap\">170201<a name=\"CodesystemMinisteroSaluteASL-170201\"> </a></td><td>AZIENDA SANITARIA LOCALE DI POTENZA ASP</td></tr><tr><td style=\"white-space:nowrap\">170202<a name=\"CodesystemMinisteroSaluteASL-170202\"> </a></td><td>AZIENDA SANITARIA LOCALE DI MATERA  ASM</td></tr><tr><td style=\"white-space:nowrap\">180109<a name=\"CodesystemMinisteroSaluteASL-180109\"> </a></td><td>LOCRI</td></tr><tr><td style=\"white-space:nowrap\">180201<a name=\"CodesystemMinisteroSaluteASL-180201\"> </a></td><td>A.S.P. COSENZA</td></tr><tr><td style=\"white-space:nowrap\">180202<a name=\"CodesystemMinisteroSaluteASL-180202\"> </a></td><td>A.S.P. CROTONE</td></tr><tr><td style=\"white-space:nowrap\">180203<a name=\"CodesystemMinisteroSaluteASL-180203\"> </a></td><td>A.S.P. CATANZARO</td></tr><tr><td style=\"white-space:nowrap\">180204<a name=\"CodesystemMinisteroSaluteASL-180204\"> </a></td><td>A.S.P. VIBO VALENTIA</td></tr><tr><td style=\"white-space:nowrap\">180205<a name=\"CodesystemMinisteroSaluteASL-180205\"> </a></td><td>A.S.P. REGGIO CALABRIA</td></tr><tr><td style=\"white-space:nowrap\">190201<a name=\"CodesystemMinisteroSaluteASL-190201\"> </a></td><td>ASP AGRIGENTO</td></tr><tr><td style=\"white-space:nowrap\">190202<a name=\"CodesystemMinisteroSaluteASL-190202\"> </a></td><td>ASP CALTANISSETTA</td></tr><tr><td style=\"white-space:nowrap\">190203<a name=\"CodesystemMinisteroSaluteASL-190203\"> </a></td><td>ASP CATANIA</td></tr><tr><td style=\"white-space:nowrap\">190204<a name=\"CodesystemMinisteroSaluteASL-190204\"> </a></td><td>ASP ENNA</td></tr><tr><td style=\"white-space:nowrap\">190205<a name=\"CodesystemMinisteroSaluteASL-190205\"> </a></td><td>ASP MESSINA</td></tr><tr><td style=\"white-space:nowrap\">190206<a name=\"CodesystemMinisteroSaluteASL-190206\"> </a></td><td>ASP PALERMO</td></tr><tr><td style=\"white-space:nowrap\">190207<a name=\"CodesystemMinisteroSaluteASL-190207\"> </a></td><td>ASP RAGUSA</td></tr><tr><td style=\"white-space:nowrap\">190208<a name=\"CodesystemMinisteroSaluteASL-190208\"> </a></td><td>ASP SIRACUSA</td></tr><tr><td style=\"white-space:nowrap\">190209<a name=\"CodesystemMinisteroSaluteASL-190209\"> </a></td><td>ASP DI TRAPANI</td></tr><tr><td style=\"white-space:nowrap\">200101<a name=\"CodesystemMinisteroSaluteASL-200101\"> </a></td><td>SASSARI</td></tr><tr><td style=\"white-space:nowrap\">200102<a name=\"CodesystemMinisteroSaluteASL-200102\"> </a></td><td>OLBIA</td></tr><tr><td style=\"white-space:nowrap\">200103<a name=\"CodesystemMinisteroSaluteASL-200103\"> </a></td><td>NUORO</td></tr><tr><td style=\"white-space:nowrap\">200104<a name=\"CodesystemMinisteroSaluteASL-200104\"> </a></td><td>LANUSEI</td></tr><tr><td style=\"white-space:nowrap\">200105<a name=\"CodesystemMinisteroSaluteASL-200105\"> </a></td><td>ORISTANO</td></tr><tr><td style=\"white-space:nowrap\">200106<a name=\"CodesystemMinisteroSaluteASL-200106\"> </a></td><td>SANLURI</td></tr><tr><td style=\"white-space:nowrap\">200107<a name=\"CodesystemMinisteroSaluteASL-200107\"> </a></td><td>CARBONIA</td></tr><tr><td style=\"white-space:nowrap\">200108<a name=\"CodesystemMinisteroSaluteASL-200108\"> </a></td><td>CAGLIARI</td></tr><tr><td style=\"white-space:nowrap\">200201<a name=\"CodesystemMinisteroSaluteASL-200201\"> </a></td><td>AZIENDA PER LA TUTELA DELLA SALUTE</td></tr></table></div>"
  },
  "url" : "https://terminology.agenas.gov.it/CodeSystem/minsan-fls",
  "version" : "0.1.0",
  "name" : "CodesystemMinisteroDellaSalute_ASL",
  "title" : "Ministero della Salute - ASL",
  "status" : "draft",
  "experimental" : true,
  "date" : "2025-05-29T16:38:39+02:00",
  "publisher" : "Example Publisher",
  "contact" : [{
    "name" : "Example Publisher",
    "telecom" : [{
      "system" : "url",
      "value" : "http://example.org/example-publisher"
    }]
  }],
  "description" : "Definisce il sistema di terminologie da usare per il codice ASL ereditato da Hl7.it",
  "caseSensitive" : false,
  "versionNeeded" : false,
  "content" : "complete",
  "count" : 184,
  "concept" : [{
    "code" : "010201",
    "display" : "TO1"
  },
  {
    "code" : "010202",
    "display" : "TO2"
  },
  {
    "code" : "010203",
    "display" : "TO3"
  },
  {
    "code" : "010204",
    "display" : "TO4"
  },
  {
    "code" : "010205",
    "display" : "TO5"
  },
  {
    "code" : "010206",
    "display" : "VC"
  },
  {
    "code" : "010207",
    "display" : "BI"
  },
  {
    "code" : "010208",
    "display" : "NO"
  },
  {
    "code" : "010209",
    "display" : "VCO"
  },
  {
    "code" : "010210",
    "display" : "CN1"
  },
  {
    "code" : "010211",
    "display" : "CN2"
  },
  {
    "code" : "010212",
    "display" : "AT"
  },
  {
    "code" : "010213",
    "display" : "AL"
  },
  {
    "code" : "010301",
    "display" : "ASL CITTA' DI TORINO"
  },
  {
    "code" : "020101",
    "display" : "AZIENDA U.S.L. VALLE D'AOSTA"
  },
  {
    "code" : "030301",
    "display" : "A.S.L. DELLA PROVINCIA DI BERGAMO"
  },
  {
    "code" : "030302",
    "display" : "A.S.L. DELLA PROVINCIA DI BRESCIA"
  },
  {
    "code" : "030303",
    "display" : "A.S.L. DELLA PROVINCIA DI COMO"
  },
  {
    "code" : "030304",
    "display" : "A.S.L. DELLA PROVINCIA DI CREMONA"
  },
  {
    "code" : "030305",
    "display" : "A.S.L. DELLA PROVINCIA DI LECCO"
  },
  {
    "code" : "030306",
    "display" : "A.S.L. DELLA PROVINCIA DI LODI"
  },
  {
    "code" : "030307",
    "display" : "A.S.L. DELLA PROVINCIA DI MANTOVA"
  },
  {
    "code" : "030308",
    "display" : "A.S.L. DI MILANO"
  },
  {
    "code" : "030309",
    "display" : "A.S.L. DELLA PROVINCIA DI MILANO 1"
  },
  {
    "code" : "030310",
    "display" : "A.S.L. DELLA PROVINCIA DI MILANO 2"
  },
  {
    "code" : "030311",
    "display" : "A.S.L. PROVINCIA DI MONZA E BRIANZA"
  },
  {
    "code" : "030312",
    "display" : "A.S.L. DELLA PROVINCIA DI PAVIA"
  },
  {
    "code" : "030313",
    "display" : "A.S.L. DELLA PROVINCIA DI SONDRIO"
  },
  {
    "code" : "030314",
    "display" : "A.S.L. DELLA PROVINCIA DI VARESE"
  },
  {
    "code" : "030315",
    "display" : "A.S.L. DI VALLECAMONICA-SEBINO"
  },
  {
    "code" : "030321",
    "display" : "ATS DELLA CITTA' METROPOLITANA DI MILANO"
  },
  {
    "code" : "030322",
    "display" : "ATS DELL'INSUBRIA"
  },
  {
    "code" : "030323",
    "display" : "ATS DELLA MONTAGNA"
  },
  {
    "code" : "030324",
    "display" : "ATS DELLA BRIANZA"
  },
  {
    "code" : "030325",
    "display" : "ATS DI BERGAMO"
  },
  {
    "code" : "030326",
    "display" : "ATS DI BRESCIA"
  },
  {
    "code" : "030327",
    "display" : "ATS DELLA VAL PADANA"
  },
  {
    "code" : "030328",
    "display" : "ATS DI PAVIA"
  },
  {
    "code" : "041201",
    "display" : "AZIENDA SANITARIA DELLA P.A. DI BOLZANO"
  },
  {
    "code" : "042101",
    "display" : "TRENTO"
  },
  {
    "code" : "050101",
    "display" : "BELLUNO"
  },
  {
    "code" : "050102",
    "display" : "FELTRE"
  },
  {
    "code" : "050103",
    "display" : "BASSANO DEL GRAPPA"
  },
  {
    "code" : "050104",
    "display" : "THIENE"
  },
  {
    "code" : "050105",
    "display" : "ARZIGNANO"
  },
  {
    "code" : "050106",
    "display" : "VICENZA"
  },
  {
    "code" : "050107",
    "display" : "PIEVE DI SOLIGO"
  },
  {
    "code" : "050108",
    "display" : "ASOLO"
  },
  {
    "code" : "050109",
    "display" : "TREVISO"
  },
  {
    "code" : "050110",
    "display" : "S. DONA' DI PIAVE"
  },
  {
    "code" : "050112",
    "display" : "VENEZIANA"
  },
  {
    "code" : "050113",
    "display" : "MIRANO"
  },
  {
    "code" : "050114",
    "display" : "CHIOGGIA"
  },
  {
    "code" : "050115",
    "display" : "CITTADELLA"
  },
  {
    "code" : "050116",
    "display" : "PADOVA"
  },
  {
    "code" : "050117",
    "display" : "MONSELICE"
  },
  {
    "code" : "050118",
    "display" : "ROVIGO"
  },
  {
    "code" : "050119",
    "display" : "ADRIA"
  },
  {
    "code" : "050120",
    "display" : "VERONA"
  },
  {
    "code" : "050121",
    "display" : "LEGNAGO"
  },
  {
    "code" : "050122",
    "display" : "BUSSOLENGO"
  },
  {
    "code" : "050501",
    "display" : "AZIENDA ULSS N. 1 DOLOMITI"
  },
  {
    "code" : "050502",
    "display" : "AZIENDA ULSS N. 2 MARCA TREVIGIANA"
  },
  {
    "code" : "050503",
    "display" : "AZIENDA ULSS N. 3 SERENISSIMA"
  },
  {
    "code" : "050504",
    "display" : "AZIENDA ULSS N. 4 VENETO ORIENTALE"
  },
  {
    "code" : "050505",
    "display" : "AZIENDA ULSS N. 5 POLESANA"
  },
  {
    "code" : "050506",
    "display" : "AZIENDA ULSS N. 6 EUGANEA"
  },
  {
    "code" : "050507",
    "display" : "AZIENDA ULSS N. 7 PEDEMONTANA"
  },
  {
    "code" : "050508",
    "display" : "AZIENDA ULSS N. 8 BERICA"
  },
  {
    "code" : "050509",
    "display" : "AZIENDA ULSS N. 9 SCALIGERA"
  },
  {
    "code" : "060101",
    "display" : "TRIESTINA"
  },
  {
    "code" : "060102",
    "display" : "ISONTINA"
  },
  {
    "code" : "060103",
    "display" : "ALTO FRIULI"
  },
  {
    "code" : "060104",
    "display" : "MEDIO FRIULI"
  },
  {
    "code" : "060105",
    "display" : "BASSA FRIULANA"
  },
  {
    "code" : "060106",
    "display" : "FRIULI OCCIDENTALE"
  },
  {
    "code" : "060201",
    "display" : "ASUI DI TRIESTE"
  },
  {
    "code" : "060202",
    "display" : "BASSA FRIULANA - ISONTINA"
  },
  {
    "code" : "060203",
    "display" : "ALTO FRIULI - COLLINARE - MEDIO FRIULI"
  },
  {
    "code" : "060204",
    "display" : "ASUI DI UDINE"
  },
  {
    "code" : "060205",
    "display" : "AS FRIULI OCCIDENTALE"
  },
  {
    "code" : "060206",
    "display" : "ASU FRIULI CENTRALE"
  },
  {
    "code" : "060207",
    "display" : "ASU GIULIANO ISONTINA"
  },
  {
    "code" : "070101",
    "display" : "IMPERIESE"
  },
  {
    "code" : "070102",
    "display" : "SAVONESE"
  },
  {
    "code" : "070103",
    "display" : "GENOVESE"
  },
  {
    "code" : "070104",
    "display" : "CHIAVARESE"
  },
  {
    "code" : "070105",
    "display" : "SPEZZINO"
  },
  {
    "code" : "080101",
    "display" : "AZIENDA USL PIACENZA"
  },
  {
    "code" : "080102",
    "display" : "AZIENDA USL PARMA"
  },
  {
    "code" : "080103",
    "display" : "AZIENDA USL REGGIO EMILIA"
  },
  {
    "code" : "080104",
    "display" : "AZIENDA USL MODENA"
  },
  {
    "code" : "080105",
    "display" : "AZIENDA USL BOLOGNA"
  },
  {
    "code" : "080106",
    "display" : "AZIENDA USL IMOLA"
  },
  {
    "code" : "080109",
    "display" : "AZIENDA USL FERRARA"
  },
  {
    "code" : "080110",
    "display" : "AZIENDA USL RAVENNA"
  },
  {
    "code" : "080111",
    "display" : "AZIENDA USL FORLI'"
  },
  {
    "code" : "080112",
    "display" : "AZIENDA USL CESENA"
  },
  {
    "code" : "080113",
    "display" : "AZIENDA USL RIMINI"
  },
  {
    "code" : "080114",
    "display" : "AZIENDA USL DELLA ROMAGNA"
  },
  {
    "code" : "090101",
    "display" : "MASSA CARRARA"
  },
  {
    "code" : "090102",
    "display" : "LUCCA"
  },
  {
    "code" : "090103",
    "display" : "PISTOIA"
  },
  {
    "code" : "090104",
    "display" : "PRATO"
  },
  {
    "code" : "090105",
    "display" : "PISA"
  },
  {
    "code" : "090106",
    "display" : "LIVORNO"
  },
  {
    "code" : "090107",
    "display" : "SIENA"
  },
  {
    "code" : "090108",
    "display" : "AREZZO"
  },
  {
    "code" : "090109",
    "display" : "GROSSETO"
  },
  {
    "code" : "090110",
    "display" : "FIRENZE"
  },
  {
    "code" : "090111",
    "display" : "EMPOLI"
  },
  {
    "code" : "090112",
    "display" : "VERSILIA"
  },
  {
    "code" : "090201",
    "display" : "AZIENDA USL TOSCANA CENTRO"
  },
  {
    "code" : "090202",
    "display" : "AZIENDA USL TOSCANA NORD-OVEST"
  },
  {
    "code" : "090203",
    "display" : "AZIENDA USL TOSCANA SUD-EST"
  },
  {
    "code" : "100101",
    "display" : "ASL 1 - CITTA' DI CASTELLO"
  },
  {
    "code" : "100102",
    "display" : "USL 2 - PERUGIA"
  },
  {
    "code" : "100103",
    "display" : "ASL 3 - FOLIGNO"
  },
  {
    "code" : "100201",
    "display" : "AUSL UMBRIA N. 1"
  },
  {
    "code" : "100202",
    "display" : "AUSL UMBRIA N. 2"
  },
  {
    "code" : "100204",
    "display" : "ASL 4 - TERNI"
  },
  {
    "code" : "110201",
    "display" : "ASUR"
  },
  {
    "code" : "120101",
    "display" : "RM/A"
  },
  {
    "code" : "120102",
    "display" : "RM/B"
  },
  {
    "code" : "120103",
    "display" : "RM/C"
  },
  {
    "code" : "120104",
    "display" : "RM/D"
  },
  {
    "code" : "120105",
    "display" : "RM/E"
  },
  {
    "code" : "120106",
    "display" : "RM/F"
  },
  {
    "code" : "120107",
    "display" : "RM/G"
  },
  {
    "code" : "120108",
    "display" : "RM/H"
  },
  {
    "code" : "120109",
    "display" : "VITERBO"
  },
  {
    "code" : "120110",
    "display" : "RIETI"
  },
  {
    "code" : "120111",
    "display" : "LATINA"
  },
  {
    "code" : "120112",
    "display" : "FROSINONE"
  },
  {
    "code" : "120201",
    "display" : "ROMA 1"
  },
  {
    "code" : "120202",
    "display" : "ROMA 2"
  },
  {
    "code" : "120203",
    "display" : "ROMA 3"
  },
  {
    "code" : "120204",
    "display" : "ROMA 4"
  },
  {
    "code" : "120205",
    "display" : "ROMA 5"
  },
  {
    "code" : "120206",
    "display" : "ROMA 6"
  },
  {
    "code" : "130201",
    "display" : "AVEZZANO-SULMONA-L'AQUILA"
  },
  {
    "code" : "130202",
    "display" : "LANCIANO-VASTO-CHIETI"
  },
  {
    "code" : "130203",
    "display" : "PESCARA"
  },
  {
    "code" : "130204",
    "display" : "TERAMO"
  },
  {
    "code" : "140201",
    "display" : "ASREM"
  },
  {
    "code" : "150201",
    "display" : "A.S.L. AVELLINO"
  },
  {
    "code" : "150202",
    "display" : "A.S.L. BENEVENTO"
  },
  {
    "code" : "150203",
    "display" : "A.S.L. CASERTA"
  },
  {
    "code" : "150204",
    "display" : "A.S.L. NAPOLI 1 CENTRO"
  },
  {
    "code" : "150205",
    "display" : "A.S.L. NAPOLI 2 NORD"
  },
  {
    "code" : "150206",
    "display" : "A.S.L. NAPOLI 3 SUD"
  },
  {
    "code" : "150207",
    "display" : "A.S.L. SALERNO"
  },
  {
    "code" : "160106",
    "display" : "ASL BR"
  },
  {
    "code" : "160112",
    "display" : "ASL TA"
  },
  {
    "code" : "160113",
    "display" : "ASL BT"
  },
  {
    "code" : "160114",
    "display" : "ASL BA"
  },
  {
    "code" : "160115",
    "display" : "ASL FG"
  },
  {
    "code" : "160116",
    "display" : "ASL LE"
  },
  {
    "code" : "170201",
    "display" : "AZIENDA SANITARIA LOCALE DI POTENZA ASP"
  },
  {
    "code" : "170202",
    "display" : "AZIENDA SANITARIA LOCALE DI MATERA  ASM"
  },
  {
    "code" : "180109",
    "display" : "LOCRI"
  },
  {
    "code" : "180201",
    "display" : "A.S.P. COSENZA"
  },
  {
    "code" : "180202",
    "display" : "A.S.P. CROTONE"
  },
  {
    "code" : "180203",
    "display" : "A.S.P. CATANZARO"
  },
  {
    "code" : "180204",
    "display" : "A.S.P. VIBO VALENTIA"
  },
  {
    "code" : "180205",
    "display" : "A.S.P. REGGIO CALABRIA"
  },
  {
    "code" : "190201",
    "display" : "ASP AGRIGENTO"
  },
  {
    "code" : "190202",
    "display" : "ASP CALTANISSETTA"
  },
  {
    "code" : "190203",
    "display" : "ASP CATANIA"
  },
  {
    "code" : "190204",
    "display" : "ASP ENNA"
  },
  {
    "code" : "190205",
    "display" : "ASP MESSINA"
  },
  {
    "code" : "190206",
    "display" : "ASP PALERMO"
  },
  {
    "code" : "190207",
    "display" : "ASP RAGUSA"
  },
  {
    "code" : "190208",
    "display" : "ASP SIRACUSA"
  },
  {
    "code" : "190209",
    "display" : "ASP DI TRAPANI"
  },
  {
    "code" : "200101",
    "display" : "SASSARI"
  },
  {
    "code" : "200102",
    "display" : "OLBIA"
  },
  {
    "code" : "200103",
    "display" : "NUORO"
  },
  {
    "code" : "200104",
    "display" : "LANUSEI"
  },
  {
    "code" : "200105",
    "display" : "ORISTANO"
  },
  {
    "code" : "200106",
    "display" : "SANLURI"
  },
  {
    "code" : "200107",
    "display" : "CARBONIA"
  },
  {
    "code" : "200108",
    "display" : "CAGLIARI"
  },
  {
    "code" : "200201",
    "display" : "AZIENDA PER LA TUTELA DELLA SALUTE"
  }]
}