{
  "resourceType" : "CodeSystem",
  "id" : "dug",
  "text" : {
    "status" : "generated",
    "div" : "<div xmlns=\"http://www.w3.org/1999/xhtml\"><p class=\"res-header-id\"><b>Generated Narrative: CodeSystem dug</b></p><a name=\"dug\"> </a><a name=\"hcdug\"> </a><a name=\"dug-en-US\"> </a><p>This case-sensitive code system <code>https://agenas.gov.it/fhir/CodeSystem/dug</code> defines the following codes:</p><table class=\"codes\"><tr><td style=\"white-space:nowrap\"><b>Code</b></td><td><b>Display</b></td></tr><tr><td style=\"white-space:nowrap\">1<a name=\"dug-1\"> </a></td><td>arco</td></tr><tr><td style=\"white-space:nowrap\">2<a name=\"dug-2\"> </a></td><td>autostrada</td></tr><tr><td style=\"white-space:nowrap\">3<a name=\"dug-3\"> </a></td><td>belvedere</td></tr><tr><td style=\"white-space:nowrap\">4<a name=\"dug-4\"> </a></td><td>calata</td></tr><tr><td style=\"white-space:nowrap\">5<a name=\"dug-5\"> </a></td><td>calle</td></tr><tr><td style=\"white-space:nowrap\">6<a name=\"dug-6\"> </a></td><td>cavalcavia</td></tr><tr><td style=\"white-space:nowrap\">7<a name=\"dug-7\"> </a></td><td>circonvallazione</td></tr><tr><td style=\"white-space:nowrap\">8<a name=\"dug-8\"> </a></td><td>corso</td></tr><tr><td style=\"white-space:nowrap\">9<a name=\"dug-9\"> </a></td><td>corte</td></tr><tr><td style=\"white-space:nowrap\">10<a name=\"dug-10\"> </a></td><td>cortile</td></tr><tr><td style=\"white-space:nowrap\">11<a name=\"dug-11\"> </a></td><td>discesa</td></tr><tr><td style=\"white-space:nowrap\">12<a name=\"dug-12\"> </a></td><td>galleria</td></tr><tr><td style=\"white-space:nowrap\">13<a name=\"dug-13\"> </a></td><td>gradinata</td></tr><tr><td style=\"white-space:nowrap\">14<a name=\"dug-14\"> </a></td><td>larghetto</td></tr><tr><td style=\"white-space:nowrap\">15<a name=\"dug-15\"> </a></td><td>largo</td></tr><tr><td style=\"white-space:nowrap\">16<a name=\"dug-16\"> </a></td><td>litoranea</td></tr><tr><td style=\"white-space:nowrap\">17<a name=\"dug-17\"> </a></td><td>lungargine</td></tr><tr><td style=\"white-space:nowrap\">18<a name=\"dug-18\"> </a></td><td>lungofiume</td></tr><tr><td style=\"white-space:nowrap\">19<a name=\"dug-19\"> </a></td><td>lungolago</td></tr><tr><td style=\"white-space:nowrap\">20<a name=\"dug-20\"> </a></td><td>lungomare</td></tr><tr><td style=\"white-space:nowrap\">21<a name=\"dug-21\"> </a></td><td>lungoparco</td></tr><tr><td style=\"white-space:nowrap\">22<a name=\"dug-22\"> </a></td><td>lungotorrente</td></tr><tr><td style=\"white-space:nowrap\">23<a name=\"dug-23\"> </a></td><td>molo</td></tr><tr><td style=\"white-space:nowrap\">24<a name=\"dug-24\"> </a></td><td>parcheggio</td></tr><tr><td style=\"white-space:nowrap\">25<a name=\"dug-25\"> </a></td><td>passaggio</td></tr><tr><td style=\"white-space:nowrap\">26<a name=\"dug-26\"> </a></td><td>passeggiata</td></tr><tr><td style=\"white-space:nowrap\">27<a name=\"dug-27\"> </a></td><td>percorso ciclabile</td></tr><tr><td style=\"white-space:nowrap\">28<a name=\"dug-28\"> </a></td><td>percorso ciclopedonale</td></tr><tr><td style=\"white-space:nowrap\">29<a name=\"dug-29\"> </a></td><td>percorso pedonale</td></tr><tr><td style=\"white-space:nowrap\">30<a name=\"dug-30\"> </a></td><td>piazza</td></tr><tr><td style=\"white-space:nowrap\">31<a name=\"dug-31\"> </a></td><td>piazzale</td></tr><tr><td style=\"white-space:nowrap\">32<a name=\"dug-32\"> </a></td><td>piazzetta</td></tr><tr><td style=\"white-space:nowrap\">33<a name=\"dug-33\"> </a></td><td>pista ciclabile</td></tr><tr><td style=\"white-space:nowrap\">34<a name=\"dug-34\"> </a></td><td>ponte</td></tr><tr><td style=\"white-space:nowrap\">35<a name=\"dug-35\"> </a></td><td>raccordo</td></tr><tr><td style=\"white-space:nowrap\">36<a name=\"dug-36\"> </a></td><td>rampa</td></tr><tr><td style=\"white-space:nowrap\">37<a name=\"dug-37\"> </a></td><td>ronco</td></tr><tr><td style=\"white-space:nowrap\">38<a name=\"dug-38\"> </a></td><td>rotatoria</td></tr><tr><td style=\"white-space:nowrap\">39<a name=\"dug-39\"> </a></td><td>rotonda</td></tr><tr><td style=\"white-space:nowrap\">40<a name=\"dug-40\"> </a></td><td>salita</td></tr><tr><td style=\"white-space:nowrap\">41<a name=\"dug-41\"> </a></td><td>scalinata</td></tr><tr><td style=\"white-space:nowrap\">42<a name=\"dug-42\"> </a></td><td>scesa</td></tr><tr><td style=\"white-space:nowrap\">43<a name=\"dug-43\"> </a></td><td>sentiero</td></tr><tr><td style=\"white-space:nowrap\">44<a name=\"dug-44\"> </a></td><td>slargo</td></tr><tr><td style=\"white-space:nowrap\">45<a name=\"dug-45\"> </a></td><td>sottopasso</td></tr><tr><td style=\"white-space:nowrap\">46<a name=\"dug-46\"> </a></td><td>sovrappasso</td></tr><tr><td style=\"white-space:nowrap\">47<a name=\"dug-47\"> </a></td><td>spiazzo</td></tr><tr><td style=\"white-space:nowrap\">48<a name=\"dug-48\"> </a></td><td>strada</td></tr><tr><td style=\"white-space:nowrap\">49<a name=\"dug-49\"> </a></td><td>strada antica</td></tr><tr><td style=\"white-space:nowrap\">50<a name=\"dug-50\"> </a></td><td>strada comunale</td></tr><tr><td style=\"white-space:nowrap\">51<a name=\"dug-51\"> </a></td><td>strada consortile</td></tr><tr><td style=\"white-space:nowrap\">52<a name=\"dug-52\"> </a></td><td>strada nuova</td></tr><tr><td style=\"white-space:nowrap\">53<a name=\"dug-53\"> </a></td><td>strada panoramica</td></tr><tr><td style=\"white-space:nowrap\">54<a name=\"dug-54\"> </a></td><td>strada poderale</td></tr><tr><td style=\"white-space:nowrap\">55<a name=\"dug-55\"> </a></td><td>strada privata</td></tr><tr><td style=\"white-space:nowrap\">56<a name=\"dug-56\"> </a></td><td>strada provinciale</td></tr><tr><td style=\"white-space:nowrap\">57<a name=\"dug-57\"> </a></td><td>strada regionale</td></tr><tr><td style=\"white-space:nowrap\">58<a name=\"dug-58\"> </a></td><td>strada statale</td></tr><tr><td style=\"white-space:nowrap\">59<a name=\"dug-59\"> </a></td><td>strada vecchia</td></tr><tr><td style=\"white-space:nowrap\">60<a name=\"dug-60\"> </a></td><td>strada vicinale</td></tr><tr><td style=\"white-space:nowrap\">61<a name=\"dug-61\"> </a></td><td>stradella</td></tr><tr><td style=\"white-space:nowrap\">62<a name=\"dug-62\"> </a></td><td>stradello</td></tr><tr><td style=\"white-space:nowrap\">63<a name=\"dug-63\"> </a></td><td>stradone</td></tr><tr><td style=\"white-space:nowrap\">64<a name=\"dug-64\"> </a></td><td>tangenziale</td></tr><tr><td style=\"white-space:nowrap\">65<a name=\"dug-65\"> </a></td><td>traversa</td></tr><tr><td style=\"white-space:nowrap\">66<a name=\"dug-66\"> </a></td><td>traversa privata</td></tr><tr><td style=\"white-space:nowrap\">67<a name=\"dug-67\"> </a></td><td>via</td></tr><tr><td style=\"white-space:nowrap\">68<a name=\"dug-68\"> </a></td><td>via antica</td></tr><tr><td style=\"white-space:nowrap\">69<a name=\"dug-69\"> </a></td><td>via comunale</td></tr><tr><td style=\"white-space:nowrap\">70<a name=\"dug-70\"> </a></td><td>via nazionale</td></tr><tr><td style=\"white-space:nowrap\">71<a name=\"dug-71\"> </a></td><td>via nuova</td></tr><tr><td style=\"white-space:nowrap\">72<a name=\"dug-72\"> </a></td><td>via panoramica</td></tr><tr><td style=\"white-space:nowrap\">73<a name=\"dug-73\"> </a></td><td>via privata</td></tr><tr><td style=\"white-space:nowrap\">74<a name=\"dug-74\"> </a></td><td>via provinciale</td></tr><tr><td style=\"white-space:nowrap\">75<a name=\"dug-75\"> </a></td><td>via vecchia</td></tr><tr><td style=\"white-space:nowrap\">76<a name=\"dug-76\"> </a></td><td>viale</td></tr><tr><td style=\"white-space:nowrap\">77<a name=\"dug-77\"> </a></td><td>vialetto</td></tr><tr><td style=\"white-space:nowrap\">78<a name=\"dug-78\"> </a></td><td>vico</td></tr><tr><td style=\"white-space:nowrap\">79<a name=\"dug-79\"> </a></td><td>vico chiuso</td></tr><tr><td style=\"white-space:nowrap\">80<a name=\"dug-80\"> </a></td><td>vico cieco</td></tr><tr><td style=\"white-space:nowrap\">81<a name=\"dug-81\"> </a></td><td>vico privato</td></tr><tr><td style=\"white-space:nowrap\">82<a name=\"dug-82\"> </a></td><td>vicoletto</td></tr><tr><td style=\"white-space:nowrap\">83<a name=\"dug-83\"> </a></td><td>vicolo</td></tr><tr><td style=\"white-space:nowrap\">84<a name=\"dug-84\"> </a></td><td>vicolo chiuso</td></tr><tr><td style=\"white-space:nowrap\">85<a name=\"dug-85\"> </a></td><td>vicolo cieco</td></tr><tr><td style=\"white-space:nowrap\">86<a name=\"dug-86\"> </a></td><td>vicolo privato</td></tr><tr><td style=\"white-space:nowrap\">87<a name=\"dug-87\"> </a></td><td>viottolo</td></tr></table></div>"
  },
  "url" : "https://agenas.gov.it/fhir/CodeSystem/dug",
  "version" : "0.1.0",
  "name" : "CsIstatDug",
  "title" : "ISTAT - Registro delle Denominazioni Urbanistiche Generiche (DUG)",
  "status" : "draft",
  "experimental" : false,
  "date" : "2025-05-29T16:38:39+02:00",
  "publisher" : "Example Publisher",
  "contact" : [{
    "name" : "Example Publisher",
    "telecom" : [{
      "system" : "url",
      "value" : "http://example.org/example-publisher"
    }]
  }],
  "description" : "ISTAT - Registro delle Denominazioni Urbanistiche Generiche (DUG)",
  "caseSensitive" : true,
  "content" : "complete",
  "count" : 87,
  "concept" : [{
    "code" : "1",
    "display" : "arco"
  },
  {
    "code" : "2",
    "display" : "autostrada"
  },
  {
    "code" : "3",
    "display" : "belvedere"
  },
  {
    "code" : "4",
    "display" : "calata"
  },
  {
    "code" : "5",
    "display" : "calle"
  },
  {
    "code" : "6",
    "display" : "cavalcavia"
  },
  {
    "code" : "7",
    "display" : "circonvallazione"
  },
  {
    "code" : "8",
    "display" : "corso"
  },
  {
    "code" : "9",
    "display" : "corte"
  },
  {
    "code" : "10",
    "display" : "cortile"
  },
  {
    "code" : "11",
    "display" : "discesa"
  },
  {
    "code" : "12",
    "display" : "galleria"
  },
  {
    "code" : "13",
    "display" : "gradinata"
  },
  {
    "code" : "14",
    "display" : "larghetto"
  },
  {
    "code" : "15",
    "display" : "largo"
  },
  {
    "code" : "16",
    "display" : "litoranea"
  },
  {
    "code" : "17",
    "display" : "lungargine"
  },
  {
    "code" : "18",
    "display" : "lungofiume"
  },
  {
    "code" : "19",
    "display" : "lungolago"
  },
  {
    "code" : "20",
    "display" : "lungomare"
  },
  {
    "code" : "21",
    "display" : "lungoparco"
  },
  {
    "code" : "22",
    "display" : "lungotorrente"
  },
  {
    "code" : "23",
    "display" : "molo"
  },
  {
    "code" : "24",
    "display" : "parcheggio"
  },
  {
    "code" : "25",
    "display" : "passaggio"
  },
  {
    "code" : "26",
    "display" : "passeggiata"
  },
  {
    "code" : "27",
    "display" : "percorso ciclabile"
  },
  {
    "code" : "28",
    "display" : "percorso ciclopedonale"
  },
  {
    "code" : "29",
    "display" : "percorso pedonale"
  },
  {
    "code" : "30",
    "display" : "piazza"
  },
  {
    "code" : "31",
    "display" : "piazzale"
  },
  {
    "code" : "32",
    "display" : "piazzetta"
  },
  {
    "code" : "33",
    "display" : "pista ciclabile"
  },
  {
    "code" : "34",
    "display" : "ponte"
  },
  {
    "code" : "35",
    "display" : "raccordo"
  },
  {
    "code" : "36",
    "display" : "rampa"
  },
  {
    "code" : "37",
    "display" : "ronco"
  },
  {
    "code" : "38",
    "display" : "rotatoria"
  },
  {
    "code" : "39",
    "display" : "rotonda"
  },
  {
    "code" : "40",
    "display" : "salita"
  },
  {
    "code" : "41",
    "display" : "scalinata"
  },
  {
    "code" : "42",
    "display" : "scesa"
  },
  {
    "code" : "43",
    "display" : "sentiero"
  },
  {
    "code" : "44",
    "display" : "slargo"
  },
  {
    "code" : "45",
    "display" : "sottopasso"
  },
  {
    "code" : "46",
    "display" : "sovrappasso"
  },
  {
    "code" : "47",
    "display" : "spiazzo"
  },
  {
    "code" : "48",
    "display" : "strada"
  },
  {
    "code" : "49",
    "display" : "strada antica"
  },
  {
    "code" : "50",
    "display" : "strada comunale"
  },
  {
    "code" : "51",
    "display" : "strada consortile"
  },
  {
    "code" : "52",
    "display" : "strada nuova"
  },
  {
    "code" : "53",
    "display" : "strada panoramica"
  },
  {
    "code" : "54",
    "display" : "strada poderale"
  },
  {
    "code" : "55",
    "display" : "strada privata"
  },
  {
    "code" : "56",
    "display" : "strada provinciale"
  },
  {
    "code" : "57",
    "display" : "strada regionale"
  },
  {
    "code" : "58",
    "display" : "strada statale"
  },
  {
    "code" : "59",
    "display" : "strada vecchia"
  },
  {
    "code" : "60",
    "display" : "strada vicinale"
  },
  {
    "code" : "61",
    "display" : "stradella"
  },
  {
    "code" : "62",
    "display" : "stradello"
  },
  {
    "code" : "63",
    "display" : "stradone"
  },
  {
    "code" : "64",
    "display" : "tangenziale"
  },
  {
    "code" : "65",
    "display" : "traversa"
  },
  {
    "code" : "66",
    "display" : "traversa privata"
  },
  {
    "code" : "67",
    "display" : "via"
  },
  {
    "code" : "68",
    "display" : "via antica"
  },
  {
    "code" : "69",
    "display" : "via comunale"
  },
  {
    "code" : "70",
    "display" : "via nazionale"
  },
  {
    "code" : "71",
    "display" : "via nuova"
  },
  {
    "code" : "72",
    "display" : "via panoramica"
  },
  {
    "code" : "73",
    "display" : "via privata"
  },
  {
    "code" : "74",
    "display" : "via provinciale"
  },
  {
    "code" : "75",
    "display" : "via vecchia"
  },
  {
    "code" : "76",
    "display" : "viale"
  },
  {
    "code" : "77",
    "display" : "vialetto"
  },
  {
    "code" : "78",
    "display" : "vico"
  },
  {
    "code" : "79",
    "display" : "vico chiuso"
  },
  {
    "code" : "80",
    "display" : "vico cieco"
  },
  {
    "code" : "81",
    "display" : "vico privato"
  },
  {
    "code" : "82",
    "display" : "vicoletto"
  },
  {
    "code" : "83",
    "display" : "vicolo"
  },
  {
    "code" : "84",
    "display" : "vicolo chiuso"
  },
  {
    "code" : "85",
    "display" : "vicolo cieco"
  },
  {
    "code" : "86",
    "display" : "vicolo privato"
  },
  {
    "code" : "87",
    "display" : "viottolo"
  }]
}