{
  "resourceType" : "CodeSystem",
  "id" : "cs-tipo-ricetta",
  "text" : {
    "status" : "generated",
    "div" : "<div xmlns=\"http://www.w3.org/1999/xhtml\"><p class=\"res-header-id\"><b>Generated Narrative: CodeSystem cs-tipo-ricetta</b></p><a name=\"cs-tipo-ricetta\"> </a><a name=\"hccs-tipo-ricetta\"> </a><a name=\"cs-tipo-ricetta-en-US\"> </a><p>This case-sensitive code system <code>https://agenas.gov.it/fhir/CodeSystem/cs-tipo-ricetta</code> defines the following codes:</p><table class=\"codes\"><tr><td style=\"white-space:nowrap\"><b>Code</b></td><td><b>Display</b></td></tr><tr><td style=\"white-space:nowrap\">EE<a name=\"cs-tipo-ricetta-EE\"> </a></td><td>Assicurati extra-europei in temporaneo soggiorno</td></tr><tr><td style=\"white-space:nowrap\">UE<a name=\"cs-tipo-ricetta-UE\"> </a></td><td>Assicurati europei in temporaneo soggiorno</td></tr><tr><td style=\"white-space:nowrap\">NA<a name=\"cs-tipo-ricetta-NA\"> </a></td><td>Assistiti SASN con visita ambulatoriale</td></tr><tr><td style=\"white-space:nowrap\">ND<a name=\"cs-tipo-ricetta-ND\"> </a></td><td>Assistiti SASN con visita domiciliare</td></tr><tr><td style=\"white-space:nowrap\">NE<a name=\"cs-tipo-ricetta-NE\"> </a></td><td>Assistiti da istituzioni europee</td></tr><tr><td style=\"white-space:nowrap\">NX<a name=\"cs-tipo-ricetta-NX\"> </a></td><td>Assistiti SASN extraeuropei</td></tr><tr><td style=\"white-space:nowrap\">ST<a name=\"cs-tipo-ricetta-ST\"> </a></td><td>Stranieri in temporaneo soggiorno</td></tr></table></div>"
  },
  "url" : "https://agenas.gov.it/fhir/CodeSystem/cs-tipo-ricetta",
  "version" : "0.1.0",
  "name" : "CsTipoRicetta",
  "title" : "Codici Assistenza per Stranieri",
  "status" : "active",
  "date" : "2025-05-29T16:38:39+02:00",
  "publisher" : "Example Publisher",
  "contact" : [{
    "name" : "Example Publisher",
    "telecom" : [{
      "system" : "url",
      "value" : "http://example.org/example-publisher"
    }]
  }],
  "description" : "Codici identificativi per tipologie di assistenza a stranieri in temporaneo soggiorno, secondo classificazioni italiane ed europee.",
  "caseSensitive" : true,
  "content" : "complete",
  "count" : 7,
  "concept" : [{
    "code" : "EE",
    "display" : "Assicurati extra-europei in temporaneo soggiorno"
  },
  {
    "code" : "UE",
    "display" : "Assicurati europei in temporaneo soggiorno"
  },
  {
    "code" : "NA",
    "display" : "Assistiti SASN con visita ambulatoriale"
  },
  {
    "code" : "ND",
    "display" : "Assistiti SASN con visita domiciliare"
  },
  {
    "code" : "NE",
    "display" : "Assistiti da istituzioni europee"
  },
  {
    "code" : "NX",
    "display" : "Assistiti SASN extraeuropei"
  },
  {
    "code" : "ST",
    "display" : "Stranieri in temporaneo soggiorno"
  }]
}