{
  "resourceType" : "CodeSystem",
  "id" : "csAmbitoTelemedicina",
  "text" : {
    "status" : "generated",
    "div" : "<div xmlns=\"http://www.w3.org/1999/xhtml\"><p class=\"res-header-id\"><b>Generated Narrative: CodeSystem csAmbitoTelemedicina</b></p><a name=\"csAmbitoTelemedicina\"> </a><a name=\"hccsAmbitoTelemedicina\"> </a><a name=\"csAmbitoTelemedicina-en-US\"> </a><p>This  code system <code>https://agenas.gov.it/fhir/CodeSystem/csAmbitoTelemedicina</code> defines the following codes:</p><table class=\"codes\"><tr><td style=\"white-space:nowrap\"><b>Code</b></td><td><b>Display</b></td></tr><tr><td style=\"white-space:nowrap\">0<a name=\"csAmbitoTelemedicina-0\"> </a></td><td>Richiesta Teleconsulto</td></tr><tr><td style=\"white-space:nowrap\">1<a name=\"csAmbitoTelemedicina-1\"> </a></td><td>Erogazione Teleconsulto</td></tr><tr><td style=\"white-space:nowrap\">2<a name=\"csAmbitoTelemedicina-2\"> </a></td><td>Relazione collaborativa per il teleconsulto/teleconsulenza</td></tr><tr><td style=\"white-space:nowrap\">3<a name=\"csAmbitoTelemedicina-3\"> </a></td><td>Relazione finale di Teleassistenza</td></tr><tr><td style=\"white-space:nowrap\">4<a name=\"csAmbitoTelemedicina-4\"> </a></td><td>Referto Televisita</td></tr><tr><td style=\"white-space:nowrap\">5<a name=\"csAmbitoTelemedicina-5\"> </a></td><td>Tesserino dispositivi per il Telemonitoraggio</td></tr><tr><td style=\"white-space:nowrap\">6<a name=\"csAmbitoTelemedicina-6\"> </a></td><td>Piano di Telemonitoraggio</td></tr><tr><td style=\"white-space:nowrap\">7<a name=\"csAmbitoTelemedicina-7\"> </a></td><td>Piano di Teleassistenza</td></tr><tr><td style=\"white-space:nowrap\">8<a name=\"csAmbitoTelemedicina-8\"> </a></td><td>Report rilevazioni Telemonitoraggio</td></tr><tr><td style=\"white-space:nowrap\">9<a name=\"csAmbitoTelemedicina-9\"> </a></td><td>Relazione finale prestazione di Telemonitoraggio/Teleriabilitazione</td></tr></table></div>"
  },
  "url" : "https://agenas.gov.it/fhir/CodeSystem/csAmbitoTelemedicina",
  "version" : "0.1.0",
  "name" : "CodeSystem_ambitoTelemedicina",
  "title" : "CodeSystem per gli ambiti della telemedicina",
  "status" : "draft",
  "date" : "2025-05-29T16:38:39+02:00",
  "publisher" : "Example Publisher",
  "contact" : [{
    "name" : "Example Publisher",
    "telecom" : [{
      "system" : "url",
      "value" : "http://example.org/example-publisher"
    }]
  }],
  "description" : "Definisce il sistema di terminologie da usare per i codici degli ambiti di telemedicina",
  "content" : "complete",
  "count" : 10,
  "concept" : [{
    "code" : "0",
    "display" : "Richiesta Teleconsulto"
  },
  {
    "code" : "1",
    "display" : "Erogazione Teleconsulto"
  },
  {
    "code" : "2",
    "display" : "Relazione collaborativa per il teleconsulto/teleconsulenza"
  },
  {
    "code" : "3",
    "display" : "Relazione finale di Teleassistenza"
  },
  {
    "code" : "4",
    "display" : "Referto Televisita"
  },
  {
    "code" : "5",
    "display" : "Tesserino dispositivi per il Telemonitoraggio"
  },
  {
    "code" : "6",
    "display" : "Piano di Telemonitoraggio"
  },
  {
    "code" : "7",
    "display" : "Piano di Teleassistenza"
  },
  {
    "code" : "8",
    "display" : "Report rilevazioni Telemonitoraggio"
  },
  {
    "code" : "9",
    "display" : "Relazione finale prestazione di Telemonitoraggio/Teleriabilitazione"
  }]
}