Source File	Size	loadResources	load	generateSnapshots	load-configure	scan	loadDepInfo	loadInfo	checkR4R4B	generateNarratives	validate	loadLists	checkConformanceResources	checkConformanceResources2	checkConformanceResources3	generateLogicalMaps	validateExpressions	scanForUsageStats	checkURLsUnique	processProvenanceDetails	generate1	generate2	generateLogicals	makeDependencies	generateExampleZip	generateValidationPack	scanProfilesForR5	scanExamplesForR5
\fsh-generated\resources\ImplementationGuide-teleconsulto.json	18787	-	0	0	0	0	0	0	5	2825	0	0	0	0	0	0	0	2	0	0	740	584	0	0	0	16	0	2
fsh-generated/resources/CodeSystem-CodesystemCatalogoNazionalePrestazioni.json	312857	37	0	0	5	0	2	0	34	237	0	0	1	0	0	0	0	5	0	0	14347	5949	0	0	0	144	0	2
fsh-generated/resources/CodeSystem-CodesystemMinisteroSaluteASL.json	13663	7	0	0	1	0	0	0	1	16	0	0	1	0	0	0	0	1	0	0	726	297	0	0	0	15	0	0
fsh-generated/resources/CodeSystem-CsCatalogoNazionalePrestazioni.json	312673	28	0	0	5	0	0	0	15	139	0	0	1	0	0	0	0	2	0	0	13887	760	0	0	0	268	0	4
fsh-generated/resources/CodeSystem-branca-prestazione.json	2439	4	0	0	0	0	0	0	0	7	0	0	1	0	0	0	0	0	0	0	123	217	0	0	0	14	0	0
fsh-generated/resources/CodeSystem-cs-tipo-ricetta.json	1087	2	0	0	0	0	0	0	0	6	0	0	0	0	0	0	0	1	0	0	76	193	0	0	0	6	0	0
fsh-generated/resources/CodeSystem-csAmbitoTelemedicina.json	1298	4	0	0	1	0	0	0	0	5	0	0	0	0	0	0	0	0	0	0	90	172	0	0	0	2	0	0
fsh-generated/resources/CodeSystem-csTipologiaPiano.json	786	3	0	0	0	0	0	0	0	5	0	0	0	0	0	0	0	0	0	0	71	183	0	0	0	2	0	0
fsh-generated/resources/CodeSystem-csspecialityPractitionerRole.json	10081	2	0	0	0	0	0	0	1	11	0	0	0	0	0	0	0	0	0	0	349	236	0	0	0	6	0	0
fsh-generated/resources/CodeSystem-diagnosi-icd9cm.json	1785875	184	0	0	32	0	0	0	77	2298	0	0	6	0	0	0	0	39	0	0	79940	5260	0	0	0	939	0	12
fsh-generated/resources/CodeSystem-dug.json	5898	3	0	0	0	0	0	0	1	12	0	0	0	0	0	0	0	0	0	0	308	200	0	0	0	2	0	0
fsh-generated/resources/StructureDefinition-AddressItTelemedicina.json	10867	8	0	61	1	0	0	0	0	195	0	0	1	0	0	0	0	2	0	0	1828	1342	0	0	0	9	1	1
fsh-generated/resources/StructureDefinition-AllergyIntoleranceTelemedicina.json	1520	5	0	277	0	0	0	0	0	19	0	0	0	0	0	0	0	0	0	0	1416	1137	0	0	0	7	0	0
fsh-generated/resources/StructureDefinition-AppointmentTelemedicina.json	5679	6	0	42	0	0	0	0	1	25	0	0	0	0	0	0	0	1	0	0	1699	1102	0	0	0	5	0	1
fsh-generated/resources/StructureDefinition-BundleRelazioneCollaborativaTeleconsulto.json	8949	8	0	712	0	0	0	0	0	215	0	0	1	0	0	0	0	8	0	0	15889	6834	0	0	0	49	1	3
fsh-generated/resources/StructureDefinition-CompositionRelazioneCollaborativaTeleconsulto.json	16063	9	0	103	0	0	0	0	0	495	0	0	1	0	0	0	0	3	0	0	13045	2669	0	0	0	33	0	2
fsh-generated/resources/StructureDefinition-CompositionTelemedicina.json	5414	5	0	0	0	0	0	0	0	100	0	0	0	0	0	0	0	1	0	0	2762	1275	0	0	0	8	0	2
fsh-generated/resources/StructureDefinition-ConditionTelemedicina.json	3261	4	0	18	1	0	0	0	0	67	0	0	0	0	0	0	0	1	0	0	1932	1253	0	1	0	8	0	0
fsh-generated/resources/StructureDefinition-DeviceTelemedicina.json	3903	4	0	37	0	0	0	0	0	66	0	0	0	0	0	0	0	1	0	0	2361	1168	0	0	0	10	0	0
fsh-generated/resources/StructureDefinition-DiagnosticReportTelemedicina.json	3834	4	0	18	0	0	0	0	0	72	0	0	0	0	0	0	0	1	0	0	2526	1207	0	0	0	9	0	1
fsh-generated/resources/StructureDefinition-EncounterTeleconsulto.json	620	3	0	44	0	0	0	0	0	77	0	0	0	0	0	0	0	1	0	0	2849	817	0	0	0	7	1	2
fsh-generated/resources/StructureDefinition-EncounterTelemedicina.json	10177	4	0	0	0	0	0	0	0	120	0	0	1	0	0	0	0	1	0	0	3943	950	0	0	0	10	0	0
fsh-generated/resources/StructureDefinition-Extension-serviceRequest-codeCodingType.json	1442	4	0	4	0	0	0	0	0	14	0	0	0	0	0	0	0	0	0	0	347	512	0	0	0	2	0	0
fsh-generated/resources/StructureDefinition-MedicationRequestTelemedicina.json	4357	3	0	35	0	0	0	0	0	65	0	0	0	0	0	0	0	3	0	0	3617	966	0	0	0	9	0	1
fsh-generated/resources/StructureDefinition-MedicationStatementTelemedicina.json	1331	4	0	11	0	0	0	0	0	32	0	0	0	0	0	0	0	0	0	0	987	571	0	0	0	4	0	0
fsh-generated/resources/StructureDefinition-ObservationTelemedicina.json	993	3	0	15	0	0	0	0	0	60	0	0	0	0	0	0	0	1	0	0	1912	625	0	0	0	7	0	1
fsh-generated/resources/StructureDefinition-OrganizationT1.json	4410	5	0	29	0	0	0	0	0	113	0	0	0	0	0	0	0	2	0	0	3192	812	0	0	0	16	0	0
fsh-generated/resources/StructureDefinition-OrganizationT2.json	4729	4	0	35	0	0	0	0	0	140	0	0	0	0	0	0	0	2	0	0	3157	774	0	0	0	12	0	1
fsh-generated/resources/StructureDefinition-OrganizationT3.json	8078	5	0	49	1	0	0	0	0	103	0	0	1	0	0	0	0	2	0	0	4573	902	0	0	0	15	0	2
fsh-generated/resources/StructureDefinition-OrganizationTelemedicina.json	3927	3	0	1	0	0	0	0	0	19	0	0	0	0	0	0	0	0	0	0	2130	588	0	0	0	8	0	0
fsh-generated/resources/StructureDefinition-PatientTelemedicina.json	18862	4	0	29	0	0	0	0	1	130	0	0	0	0	0	0	0	3	0	0	6329	1553	0	0	0	22	1	2
fsh-generated/resources/StructureDefinition-PractitionerRoleTelemedicina.json	4746	2	0	13	0	0	0	0	0	34	0	0	0	0	0	0	0	1	0	0	1395	561	0	0	0	5	0	0
fsh-generated/resources/StructureDefinition-PractitionerTelemedicina.json	2822	2	0	13	0	0	0	0	0	17	0	0	1	0	0	0	0	1	0	0	1378	547	0	0	0	5	0	0
fsh-generated/resources/StructureDefinition-ProcedureTelemedicina.json	6678	2	0	17	0	0	0	0	0	36	0	0	0	0	0	0	0	1	0	0	2272	633	0	0	1	9	0	2
fsh-generated/resources/StructureDefinition-ServiceRequestTC.json	3337	3	0	19	0	0	0	0	0	63	0	0	0	0	0	0	0	1	0	0	2219	732	0	0	0	11	0	0
fsh-generated/resources/StructureDefinition-ServiceRequestTelemedicina.json	16945	4	0	25	0	0	0	0	0	93	0	0	0	0	0	0	0	2	0	0	4456	836	0	0	0	18	0	1
fsh-generated/resources/StructureDefinition-TimingTelemedicina.json	1032	3	0	20	0	0	0	0	0	13	0	0	0	0	0	0	0	0	0	0	882	525	0	0	0	4	0	1
fsh-generated/resources/StructureDefinition-actual-period.json	1290	4	0	8	1	0	0	0	0	11	0	0	0	0	0	0	0	0	0	0	328	487	0	0	0	2	0	0
fsh-generated/resources/StructureDefinition-address-dug.json	1417	10	0	7	0	0	0	0	0	7	0	0	0	0	0	0	0	0	0	0	356	490	0	0	0	1	0	0
fsh-generated/resources/StructureDefinition-planned-end-date.json	1343	6	0	5	0	0	0	0	0	9	0	0	0	0	0	0	0	0	0	0	310	566	0	0	0	2	0	0
fsh-generated/resources/StructureDefinition-planned-start-date.json	1359	4	0	6	0	0	0	0	0	7	0	0	0	0	0	0	0	0	0	0	388	506	0	0	0	2	0	0
fsh-generated/resources/StructureDefinition-recordCertification.json	3881	5	0	8	0	0	0	0	0	42	0	0	0	0	0	0	0	1	0	0	1323	517	0	0	0	3	0	0
fsh-generated/resources/ValueSet-TipologiaAttivitaPianoDiTelemonitoraggio.json	1839	5	0	0	0	1	0	0	0	92	0	0	0	0	0	0	0	0	0	0	90	290	0	0	0	1	0	0
fsh-generated/resources/ValueSet-ValueSetCatalogoNazionalePrestazioni.json	630	4	0	0	0	0	0	0	0	5	0	0	0	0	0	0	0	0	0	0	58	6202	0	0	0	0	0	0
fsh-generated/resources/ValueSet-ValuesetMinisteroSaluteidASL.json	596	4	0	0	0	0	0	0	0	5	0	0	0	0	0	0	0	0	0	0	59	1359	0	0	0	0	0	0
fsh-generated/resources/ValueSet-VsCatalogoNazionalePrestazioni.json	522	4	0	0	0	0	0	0	0	5	0	0	0	0	0	0	0	0	1	0	63	6798	0	0	0	0	0	0
fsh-generated/resources/ValueSet-VstipoIdentificatore.json	2480	5	0	0	1	0	0	0	0	39	0	0	0	0	0	0	0	0	0	0	120	328	0	0	0	1	0	0
fsh-generated/resources/ValueSet-diagnosi-icd9cm.json	482	2	0	0	0	0	0	0	0	6	0	0	0	0	0	0	0	0	0	0	60	7041	0	0	0	0	0	0
fsh-generated/resources/ValueSet-istat-dug.json	415	3	0	0	0	0	0	0	0	5	0	0	0	0	0	0	0	0	0	0	58	691	0	0	0	0	0	0
fsh-generated/resources/ValueSet-minsan-asl.json	801	2	0	0	0	0	0	0	0	5	0	0	0	0	0	0	0	0	0	0	57	137	0	0	0	0	0	0
fsh-generated/resources/ValueSet-minsan-idStrutture.json	1012	2	0	0	0	0	0	0	0	7	0	0	0	0	0	0	0	0	0	0	63	145	0	0	0	0	0	0
fsh-generated/resources/ValueSet-minsan-idStruttureInterne.json	43393	4	0	0	0	0	0	0	2	18	0	0	0	0	0	0	0	0	0	0	1007	210	0	0	0	6	0	0
fsh-generated/resources/ValueSet-specialita-mediche.json	468	2	0	0	0	0	0	0	0	6	0	0	0	0	0	0	0	0	0	0	80	384	0	0	0	2	0	0
fsh-generated/resources/ValueSet-tipologia-piano.json	469	1	0	0	1	0	0	0	0	4	0	0	0	0	0	0	0	1	0	0	71	140	0	0	0	0	0	0
fsh-generated/resources/ValueSet-vs-tipo-ricetta.json	492	2	0	0	0	0	0	0	0	6	0	0	0	0	0	0	0	0	0	0	78	191	0	0	0	0	0	1
fsh-generated/resources/ValueSet-vsAmbitoTelemedicina.json	553	2	0	0	0	0	0	0	0	3	0	0	0	0	0	0	0	0	0	0	67	217	0	0	0	1	0	0
fsh-generated/resources/ValueSet-vsTipologiaDocumentale.json	972	2	0	0	0	0	0	0	0	9	0	0	0	0	0	0	0	0	0	0	72	148	0	0	0	0	0	0
fsh-generated/resources/ValueSet-vsspecialityPractitionerRole.json	604	4	0	0	0	0	0	0	0	3	0	0	0	0	0	0	0	0	0	0	60	4780	0	0	0	0	0	0
