{
  "date" : "Thu, 29 May, 2025 16:40:06 +0200",
  "doco" : "For each file: start is seconds after start activity occurred. Length = milliseconds activity took",
  "files" : [
    {
      "name" : "\\fsh-generated\\resources\\ImplementationGuide-teleconsulto.json",
      "size" : 18787,
      "processes" : [
        {
          "activity" : "load",
          "start" : 84,
          "length" : 12
        },
        {
          "activity" : "checkR4R4B",
          "start" : 89,
          "length" : 5
        },
        {
          "activity" : "generateNarratives",
          "start" : 89,
          "length" : 2825
        },
        {
          "activity" : "validate",
          "start" : 139,
          "length" : 13776
        },
        {
          "activity" : "scanForUsageStats",
          "start" : 153,
          "length" : 2
        },
        {
          "activity" : "generate1",
          "start" : 154,
          "length" : 740
        },
        {
          "activity" : "generate2",
          "start" : 523,
          "length" : 584
        },
        {
          "activity" : "generateValidationPack",
          "start" : 668,
          "length" : 16
        },
        {
          "activity" : "scanExamplesForR5",
          "start" : 720,
          "length" : 2
        }
      ]
    },
    {
      "name" : "fsh-generated/resources/CodeSystem-CodesystemCatalogoNazionalePrestazioni.json",
      "size" : 312857,
      "processes" : [
        {
          "activity" : "loadResources",
          "start" : 83,
          "length" : 37
        },
        {
          "activity" : "load",
          "start" : 83,
          "length" : 100
        },
        {
          "activity" : "load-configure",
          "start" : 89,
          "length" : 5
        },
        {
          "activity" : "loadDepInfo",
          "start" : 89,
          "length" : 2
        },
        {
          "activity" : "checkR4R4B",
          "start" : 89,
          "length" : 34
        },
        {
          "activity" : "generateNarratives",
          "start" : 92,
          "length" : 237
        },
        {
          "activity" : "validate",
          "start" : 97,
          "length" : 1257
        },
        {
          "activity" : "checkConformanceResources",
          "start" : 153,
          "length" : 1
        },
        {
          "activity" : "scanForUsageStats",
          "start" : 153,
          "length" : 5
        },
        {
          "activity" : "generate1",
          "start" : 155,
          "length" : 14347
        },
        {
          "activity" : "generate2",
          "start" : 524,
          "length" : 5949
        },
        {
          "activity" : "generateValidationPack",
          "start" : 668,
          "length" : 144
        },
        {
          "activity" : "scanExamplesForR5",
          "start" : 720,
          "length" : 2
        }
      ]
    },
    {
      "name" : "fsh-generated/resources/CodeSystem-CodesystemMinisteroSaluteASL.json",
      "size" : 13663,
      "processes" : [
        {
          "activity" : "loadResources",
          "start" : 83,
          "length" : 7
        },
        {
          "activity" : "load",
          "start" : 83,
          "length" : 10
        },
        {
          "activity" : "load-configure",
          "start" : 89,
          "length" : 1
        },
        {
          "activity" : "checkR4R4B",
          "start" : 89,
          "length" : 1
        },
        {
          "activity" : "generateNarratives",
          "start" : 92,
          "length" : 16
        },
        {
          "activity" : "validate",
          "start" : 99,
          "length" : 44
        },
        {
          "activity" : "validate",
          "start" : 139,
          "length" : 1
        },
        {
          "activity" : "checkConformanceResources",
          "start" : 153,
          "length" : 1
        },
        {
          "activity" : "scanForUsageStats",
          "start" : 153,
          "length" : 1
        },
        {
          "activity" : "generate1",
          "start" : 170,
          "length" : 726
        },
        {
          "activity" : "generate2",
          "start" : 530,
          "length" : 297
        },
        {
          "activity" : "generateValidationPack",
          "start" : 668,
          "length" : 15
        }
      ]
    },
    {
      "name" : "fsh-generated/resources/CodeSystem-CsCatalogoNazionalePrestazioni.json",
      "size" : 312673,
      "processes" : [
        {
          "activity" : "loadResources",
          "start" : 83,
          "length" : 28
        },
        {
          "activity" : "load",
          "start" : 83,
          "length" : 55
        },
        {
          "activity" : "load-configure",
          "start" : 89,
          "length" : 5
        },
        {
          "activity" : "checkR4R4B",
          "start" : 89,
          "length" : 15
        },
        {
          "activity" : "generateNarratives",
          "start" : 92,
          "length" : 139
        },
        {
          "activity" : "validate",
          "start" : 99,
          "length" : 688
        },
        {
          "activity" : "checkConformanceResources",
          "start" : 153,
          "length" : 1
        },
        {
          "activity" : "scanForUsageStats",
          "start" : 153,
          "length" : 2
        },
        {
          "activity" : "generate1",
          "start" : 170,
          "length" : 13887
        },
        {
          "activity" : "generate2",
          "start" : 530,
          "length" : 760
        },
        {
          "activity" : "generateValidationPack",
          "start" : 668,
          "length" : 268
        },
        {
          "activity" : "scanExamplesForR5",
          "start" : 720,
          "length" : 4
        }
      ]
    },
    {
      "name" : "fsh-generated/resources/CodeSystem-branca-prestazione.json",
      "size" : 2439,
      "processes" : [
        {
          "activity" : "loadResources",
          "start" : 83,
          "length" : 4
        },
        {
          "activity" : "load",
          "start" : 83,
          "length" : 3
        },
        {
          "activity" : "generateNarratives",
          "start" : 92,
          "length" : 7
        },
        {
          "activity" : "validate",
          "start" : 99,
          "length" : 7
        },
        {
          "activity" : "checkConformanceResources",
          "start" : 153,
          "length" : 1
        },
        {
          "activity" : "generate1",
          "start" : 184,
          "length" : 123
        },
        {
          "activity" : "generate2",
          "start" : 531,
          "length" : 217
        },
        {
          "activity" : "generateValidationPack",
          "start" : 669,
          "length" : 14
        }
      ]
    },
    {
      "name" : "fsh-generated/resources/CodeSystem-cs-tipo-ricetta.json",
      "size" : 1087,
      "processes" : [
        {
          "activity" : "loadResources",
          "start" : 83,
          "length" : 2
        },
        {
          "activity" : "load",
          "start" : 83,
          "length" : 3
        },
        {
          "activity" : "generateNarratives",
          "start" : 92,
          "length" : 6
        },
        {
          "activity" : "validate",
          "start" : 99,
          "length" : 2
        },
        {
          "activity" : "scanForUsageStats",
          "start" : 153,
          "length" : 1
        },
        {
          "activity" : "generate1",
          "start" : 184,
          "length" : 76
        },
        {
          "activity" : "generate2",
          "start" : 531,
          "length" : 193
        },
        {
          "activity" : "generateValidationPack",
          "start" : 669,
          "length" : 6
        }
      ]
    },
    {
      "name" : "fsh-generated/resources/CodeSystem-csAmbitoTelemedicina.json",
      "size" : 1298,
      "processes" : [
        {
          "activity" : "loadResources",
          "start" : 83,
          "length" : 4
        },
        {
          "activity" : "load",
          "start" : 83,
          "length" : 2
        },
        {
          "activity" : "load-configure",
          "start" : 89,
          "length" : 1
        },
        {
          "activity" : "generateNarratives",
          "start" : 92,
          "length" : 5
        },
        {
          "activity" : "validate",
          "start" : 99,
          "length" : 3
        },
        {
          "activity" : "generate1",
          "start" : 184,
          "length" : 90
        },
        {
          "activity" : "generate2",
          "start" : 531,
          "length" : 172
        },
        {
          "activity" : "generateValidationPack",
          "start" : 669,
          "length" : 2
        }
      ]
    },
    {
      "name" : "fsh-generated/resources/CodeSystem-csTipologiaPiano.json",
      "size" : 786,
      "processes" : [
        {
          "activity" : "loadResources",
          "start" : 83,
          "length" : 3
        },
        {
          "activity" : "load",
          "start" : 83,
          "length" : 17
        },
        {
          "activity" : "generateNarratives",
          "start" : 92,
          "length" : 5
        },
        {
          "activity" : "validate",
          "start" : 99,
          "length" : 2
        },
        {
          "activity" : "generate1",
          "start" : 184,
          "length" : 71
        },
        {
          "activity" : "generate2",
          "start" : 532,
          "length" : 183
        },
        {
          "activity" : "generateValidationPack",
          "start" : 669,
          "length" : 2
        }
      ]
    },
    {
      "name" : "fsh-generated/resources/CodeSystem-csspecialityPractitionerRole.json",
      "size" : 10081,
      "processes" : [
        {
          "activity" : "loadResources",
          "start" : 83,
          "length" : 2
        },
        {
          "activity" : "load",
          "start" : 83,
          "length" : 3
        },
        {
          "activity" : "checkR4R4B",
          "start" : 89,
          "length" : 1
        },
        {
          "activity" : "generateNarratives",
          "start" : 92,
          "length" : 11
        },
        {
          "activity" : "validate",
          "start" : 99,
          "length" : 10
        },
        {
          "activity" : "generate1",
          "start" : 185,
          "length" : 349
        },
        {
          "activity" : "generate2",
          "start" : 532,
          "length" : 236
        },
        {
          "activity" : "generateValidationPack",
          "start" : 669,
          "length" : 6
        }
      ]
    },
    {
      "name" : "fsh-generated/resources/CodeSystem-diagnosi-icd9cm.json",
      "size" : 1785875,
      "processes" : [
        {
          "activity" : "loadResources",
          "start" : 83,
          "length" : 184
        },
        {
          "activity" : "load",
          "start" : 83,
          "length" : 687
        },
        {
          "activity" : "load-configure",
          "start" : 89,
          "length" : 32
        },
        {
          "activity" : "checkR4R4B",
          "start" : 89,
          "length" : 77
        },
        {
          "activity" : "generateNarratives",
          "start" : 92,
          "length" : 2298
        },
        {
          "activity" : "validate",
          "start" : 99,
          "length" : 27060
        },
        {
          "activity" : "checkConformanceResources",
          "start" : 153,
          "length" : 6
        },
        {
          "activity" : "scanForUsageStats",
          "start" : 153,
          "length" : 39
        },
        {
          "activity" : "generate1",
          "start" : 185,
          "length" : 79940
        },
        {
          "activity" : "generate2",
          "start" : 532,
          "length" : 5260
        },
        {
          "activity" : "generateValidationPack",
          "start" : 669,
          "length" : 939
        },
        {
          "activity" : "scanExamplesForR5",
          "start" : 720,
          "length" : 12
        }
      ]
    },
    {
      "name" : "fsh-generated/resources/CodeSystem-dug.json",
      "size" : 5898,
      "processes" : [
        {
          "activity" : "loadResources",
          "start" : 83,
          "length" : 3
        },
        {
          "activity" : "load",
          "start" : 84,
          "length" : 8
        },
        {
          "activity" : "checkR4R4B",
          "start" : 89,
          "length" : 1
        },
        {
          "activity" : "generateNarratives",
          "start" : 95,
          "length" : 12
        },
        {
          "activity" : "validate",
          "start" : 126,
          "length" : 11
        },
        {
          "activity" : "generate1",
          "start" : 265,
          "length" : 308
        },
        {
          "activity" : "generate2",
          "start" : 537,
          "length" : 200
        },
        {
          "activity" : "generateValidationPack",
          "start" : 670,
          "length" : 2
        }
      ]
    },
    {
      "name" : "fsh-generated/resources/StructureDefinition-AddressItTelemedicina.json",
      "size" : 10867,
      "processes" : [
        {
          "activity" : "loadResources",
          "start" : 83,
          "length" : 8
        },
        {
          "activity" : "load",
          "start" : 84,
          "length" : 15
        },
        {
          "activity" : "generateSnapshots",
          "start" : 84,
          "length" : 61
        },
        {
          "activity" : "load-configure",
          "start" : 89,
          "length" : 1
        },
        {
          "activity" : "generateNarratives",
          "start" : 95,
          "length" : 195
        },
        {
          "activity" : "validate",
          "start" : 130,
          "length" : 1909
        },
        {
          "activity" : "checkConformanceResources",
          "start" : 153,
          "length" : 1
        },
        {
          "activity" : "scanForUsageStats",
          "start" : 153,
          "length" : 2
        },
        {
          "activity" : "generate1",
          "start" : 265,
          "length" : 1828
        },
        {
          "activity" : "generate2",
          "start" : 538,
          "length" : 1342
        },
        {
          "activity" : "generate2",
          "start" : 600,
          "length" : 1042
        },
        {
          "activity" : "generateValidationPack",
          "start" : 670,
          "length" : 9
        },
        {
          "activity" : "scanProfilesForR5",
          "start" : 720,
          "length" : 1
        },
        {
          "activity" : "scanExamplesForR5",
          "start" : 720,
          "length" : 1
        }
      ]
    },
    {
      "name" : "fsh-generated/resources/StructureDefinition-AllergyIntoleranceTelemedicina.json",
      "size" : 1520,
      "processes" : [
        {
          "activity" : "loadResources",
          "start" : 83,
          "length" : 5
        },
        {
          "activity" : "load",
          "start" : 84,
          "length" : 6
        },
        {
          "activity" : "generateSnapshots",
          "start" : 84,
          "length" : 277
        },
        {
          "activity" : "generateNarratives",
          "start" : 95,
          "length" : 19
        },
        {
          "activity" : "validate",
          "start" : 132,
          "length" : 202
        },
        {
          "activity" : "generate1",
          "start" : 267,
          "length" : 1416
        },
        {
          "activity" : "generate2",
          "start" : 539,
          "length" : 1137
        },
        {
          "activity" : "generate2",
          "start" : 601,
          "length" : 251
        },
        {
          "activity" : "generateValidationPack",
          "start" : 670,
          "length" : 7
        }
      ]
    },
    {
      "name" : "fsh-generated/resources/StructureDefinition-AppointmentTelemedicina.json",
      "size" : 5679,
      "processes" : [
        {
          "activity" : "loadResources",
          "start" : 83,
          "length" : 6
        },
        {
          "activity" : "load",
          "start" : 84,
          "length" : 7
        },
        {
          "activity" : "generateSnapshots",
          "start" : 85,
          "length" : 42
        },
        {
          "activity" : "checkR4R4B",
          "start" : 89,
          "length" : 1
        },
        {
          "activity" : "generateNarratives",
          "start" : 95,
          "length" : 25
        },
        {
          "activity" : "validate",
          "start" : 132,
          "length" : 178
        },
        {
          "activity" : "scanForUsageStats",
          "start" : 153,
          "length" : 1
        },
        {
          "activity" : "generate1",
          "start" : 268,
          "length" : 1699
        },
        {
          "activity" : "generate2",
          "start" : 540,
          "length" : 1102
        },
        {
          "activity" : "generate2",
          "start" : 601,
          "length" : 213
        },
        {
          "activity" : "generateValidationPack",
          "start" : 670,
          "length" : 5
        },
        {
          "activity" : "scanExamplesForR5",
          "start" : 720,
          "length" : 1
        }
      ]
    },
    {
      "name" : "fsh-generated/resources/StructureDefinition-BundleRelazioneCollaborativaTeleconsulto.json",
      "size" : 8949,
      "processes" : [
        {
          "activity" : "loadResources",
          "start" : 83,
          "length" : 8
        },
        {
          "activity" : "load",
          "start" : 84,
          "length" : 8
        },
        {
          "activity" : "generateSnapshots",
          "start" : 85,
          "length" : 712
        },
        {
          "activity" : "generateNarratives",
          "start" : 95,
          "length" : 215
        },
        {
          "activity" : "validate",
          "start" : 132,
          "length" : 1667
        },
        {
          "activity" : "checkConformanceResources",
          "start" : 153,
          "length" : 1
        },
        {
          "activity" : "scanForUsageStats",
          "start" : 153,
          "length" : 8
        },
        {
          "activity" : "generate1",
          "start" : 270,
          "length" : 15889
        },
        {
          "activity" : "generate2",
          "start" : 541,
          "length" : 6834
        },
        {
          "activity" : "generate2",
          "start" : 602,
          "length" : 1043
        },
        {
          "activity" : "generateValidationPack",
          "start" : 670,
          "length" : 49
        },
        {
          "activity" : "scanProfilesForR5",
          "start" : 720,
          "length" : 1
        },
        {
          "activity" : "scanExamplesForR5",
          "start" : 720,
          "length" : 3
        }
      ]
    },
    {
      "name" : "fsh-generated/resources/StructureDefinition-CompositionRelazioneCollaborativaTeleconsulto.json",
      "size" : 16063,
      "processes" : [
        {
          "activity" : "loadResources",
          "start" : 83,
          "length" : 9
        },
        {
          "activity" : "load",
          "start" : 84,
          "length" : 13
        },
        {
          "activity" : "generateSnapshots",
          "start" : 85,
          "length" : 103
        },
        {
          "activity" : "generateNarratives",
          "start" : 95,
          "length" : 495
        },
        {
          "activity" : "validate",
          "start" : 134,
          "length" : 997
        },
        {
          "activity" : "checkConformanceResources",
          "start" : 153,
          "length" : 1
        },
        {
          "activity" : "scanForUsageStats",
          "start" : 153,
          "length" : 3
        },
        {
          "activity" : "generate1",
          "start" : 286,
          "length" : 13045
        },
        {
          "activity" : "generate2",
          "start" : 548,
          "length" : 2669
        },
        {
          "activity" : "generate2",
          "start" : 603,
          "length" : 540
        },
        {
          "activity" : "generateValidationPack",
          "start" : 670,
          "length" : 33
        },
        {
          "activity" : "scanExamplesForR5",
          "start" : 720,
          "length" : 2
        }
      ]
    },
    {
      "name" : "fsh-generated/resources/StructureDefinition-CompositionTelemedicina.json",
      "size" : 5414,
      "processes" : [
        {
          "activity" : "loadResources",
          "start" : 83,
          "length" : 5
        },
        {
          "activity" : "load",
          "start" : 84,
          "length" : 7
        },
        {
          "activity" : "generateNarratives",
          "start" : 96,
          "length" : 100
        },
        {
          "activity" : "validate",
          "start" : 135,
          "length" : 199
        },
        {
          "activity" : "scanForUsageStats",
          "start" : 153,
          "length" : 1
        },
        {
          "activity" : "generate1",
          "start" : 299,
          "length" : 2762
        },
        {
          "activity" : "generate2",
          "start" : 551,
          "length" : 1275
        },
        {
          "activity" : "generate2",
          "start" : 603,
          "length" : 147
        },
        {
          "activity" : "generateValidationPack",
          "start" : 670,
          "length" : 8
        },
        {
          "activity" : "scanExamplesForR5",
          "start" : 720,
          "length" : 2
        }
      ]
    },
    {
      "name" : "fsh-generated/resources/StructureDefinition-ConditionTelemedicina.json",
      "size" : 3261,
      "processes" : [
        {
          "activity" : "loadResources",
          "start" : 83,
          "length" : 4
        },
        {
          "activity" : "load",
          "start" : 84,
          "length" : 5
        },
        {
          "activity" : "generateSnapshots",
          "start" : 86,
          "length" : 18
        },
        {
          "activity" : "load-configure",
          "start" : 89,
          "length" : 1
        },
        {
          "activity" : "generateNarratives",
          "start" : 96,
          "length" : 67
        },
        {
          "activity" : "validate",
          "start" : 135,
          "length" : 150
        },
        {
          "activity" : "scanForUsageStats",
          "start" : 153,
          "length" : 1
        },
        {
          "activity" : "generate1",
          "start" : 302,
          "length" : 1932
        },
        {
          "activity" : "generate2",
          "start" : 552,
          "length" : 1253
        },
        {
          "activity" : "generate2",
          "start" : 603,
          "length" : 125
        },
        {
          "activity" : "makeDependencies",
          "start" : 634,
          "length" : 1
        },
        {
          "activity" : "generateValidationPack",
          "start" : 670,
          "length" : 8
        }
      ]
    },
    {
      "name" : "fsh-generated/resources/StructureDefinition-DeviceTelemedicina.json",
      "size" : 3903,
      "processes" : [
        {
          "activity" : "loadResources",
          "start" : 83,
          "length" : 4
        },
        {
          "activity" : "load",
          "start" : 84,
          "length" : 5
        },
        {
          "activity" : "generateSnapshots",
          "start" : 86,
          "length" : 37
        },
        {
          "activity" : "generateNarratives",
          "start" : 96,
          "length" : 66
        },
        {
          "activity" : "validate",
          "start" : 135,
          "length" : 167
        },
        {
          "activity" : "scanForUsageStats",
          "start" : 153,
          "length" : 1
        },
        {
          "activity" : "generate1",
          "start" : 304,
          "length" : 2361
        },
        {
          "activity" : "generate2",
          "start" : 553,
          "length" : 1168
        },
        {
          "activity" : "generate2",
          "start" : 603,
          "length" : 296
        },
        {
          "activity" : "generateValidationPack",
          "start" : 670,
          "length" : 10
        }
      ]
    },
    {
      "name" : "fsh-generated/resources/StructureDefinition-DiagnosticReportTelemedicina.json",
      "size" : 3834,
      "processes" : [
        {
          "activity" : "loadResources",
          "start" : 83,
          "length" : 4
        },
        {
          "activity" : "load",
          "start" : 84,
          "length" : 5
        },
        {
          "activity" : "generateSnapshots",
          "start" : 86,
          "length" : 18
        },
        {
          "activity" : "generateNarratives",
          "start" : 96,
          "length" : 72
        },
        {
          "activity" : "validate",
          "start" : 135,
          "length" : 154
        },
        {
          "activity" : "scanForUsageStats",
          "start" : 153,
          "length" : 1
        },
        {
          "activity" : "generate1",
          "start" : 306,
          "length" : 2526
        },
        {
          "activity" : "generate2",
          "start" : 554,
          "length" : 1207
        },
        {
          "activity" : "generate2",
          "start" : 604,
          "length" : 189
        },
        {
          "activity" : "generateValidationPack",
          "start" : 670,
          "length" : 9
        },
        {
          "activity" : "scanExamplesForR5",
          "start" : 720,
          "length" : 1
        }
      ]
    },
    {
      "name" : "fsh-generated/resources/StructureDefinition-EncounterTeleconsulto.json",
      "size" : 620,
      "processes" : [
        {
          "activity" : "loadResources",
          "start" : 83,
          "length" : 3
        },
        {
          "activity" : "load",
          "start" : 84,
          "length" : 3
        },
        {
          "activity" : "generateSnapshots",
          "start" : 86,
          "length" : 44
        },
        {
          "activity" : "generateNarratives",
          "start" : 96,
          "length" : 77
        },
        {
          "activity" : "validate",
          "start" : 135,
          "length" : 263
        },
        {
          "activity" : "validate",
          "start" : 153,
          "length" : 1
        },
        {
          "activity" : "scanForUsageStats",
          "start" : 153,
          "length" : 1
        },
        {
          "activity" : "generate1",
          "start" : 309,
          "length" : 2849
        },
        {
          "activity" : "generate2",
          "start" : 555,
          "length" : 817
        },
        {
          "activity" : "generate2",
          "start" : 604,
          "length" : 190
        },
        {
          "activity" : "generateValidationPack",
          "start" : 670,
          "length" : 7
        },
        {
          "activity" : "scanProfilesForR5",
          "start" : 720,
          "length" : 1
        },
        {
          "activity" : "scanExamplesForR5",
          "start" : 720,
          "length" : 2
        }
      ]
    },
    {
      "name" : "fsh-generated/resources/StructureDefinition-EncounterTelemedicina.json",
      "size" : 10177,
      "processes" : [
        {
          "activity" : "loadResources",
          "start" : 83,
          "length" : 4
        },
        {
          "activity" : "load",
          "start" : 84,
          "length" : 7
        },
        {
          "activity" : "generateNarratives",
          "start" : 96,
          "length" : 120
        },
        {
          "activity" : "validate",
          "start" : 136,
          "length" : 265
        },
        {
          "activity" : "checkConformanceResources",
          "start" : 153,
          "length" : 1
        },
        {
          "activity" : "scanForUsageStats",
          "start" : 153,
          "length" : 1
        },
        {
          "activity" : "generate1",
          "start" : 311,
          "length" : 3943
        },
        {
          "activity" : "generate2",
          "start" : 556,
          "length" : 950
        },
        {
          "activity" : "generate2",
          "start" : 604,
          "length" : 152
        },
        {
          "activity" : "generateValidationPack",
          "start" : 670,
          "length" : 10
        }
      ]
    },
    {
      "name" : "fsh-generated/resources/StructureDefinition-Extension-serviceRequest-codeCodingType.json",
      "size" : 1442,
      "processes" : [
        {
          "activity" : "loadResources",
          "start" : 83,
          "length" : 4
        },
        {
          "activity" : "load",
          "start" : 84,
          "length" : 6
        },
        {
          "activity" : "generateSnapshots",
          "start" : 86,
          "length" : 4
        },
        {
          "activity" : "generateNarratives",
          "start" : 96,
          "length" : 14
        },
        {
          "activity" : "validate",
          "start" : 136,
          "length" : 41
        },
        {
          "activity" : "generate1",
          "start" : 315,
          "length" : 347
        },
        {
          "activity" : "generate2",
          "start" : 557,
          "length" : 512
        },
        {
          "activity" : "generate2",
          "start" : 604,
          "length" : 29
        },
        {
          "activity" : "generateValidationPack",
          "start" : 670,
          "length" : 2
        }
      ]
    },
    {
      "name" : "fsh-generated/resources/StructureDefinition-MedicationRequestTelemedicina.json",
      "size" : 4357,
      "processes" : [
        {
          "activity" : "loadResources",
          "start" : 83,
          "length" : 3
        },
        {
          "activity" : "load",
          "start" : 84,
          "length" : 7
        },
        {
          "activity" : "generateSnapshots",
          "start" : 86,
          "length" : 35
        },
        {
          "activity" : "generateNarratives",
          "start" : 96,
          "length" : 65
        },
        {
          "activity" : "validate",
          "start" : 136,
          "length" : 416
        },
        {
          "activity" : "scanForUsageStats",
          "start" : 153,
          "length" : 3
        },
        {
          "activity" : "generate1",
          "start" : 316,
          "length" : 3617
        },
        {
          "activity" : "generate2",
          "start" : 558,
          "length" : 966
        },
        {
          "activity" : "generate2",
          "start" : 604,
          "length" : 172
        },
        {
          "activity" : "generateValidationPack",
          "start" : 670,
          "length" : 9
        },
        {
          "activity" : "scanExamplesForR5",
          "start" : 720,
          "length" : 1
        }
      ]
    },
    {
      "name" : "fsh-generated/resources/StructureDefinition-MedicationStatementTelemedicina.json",
      "size" : 1331,
      "processes" : [
        {
          "activity" : "loadResources",
          "start" : 83,
          "length" : 4
        },
        {
          "activity" : "load",
          "start" : 84,
          "length" : 4
        },
        {
          "activity" : "load",
          "start" : 84,
          "length" : 1
        },
        {
          "activity" : "generateSnapshots",
          "start" : 86,
          "length" : 11
        },
        {
          "activity" : "generateNarratives",
          "start" : 96,
          "length" : 32
        },
        {
          "activity" : "validate",
          "start" : 136,
          "length" : 97
        },
        {
          "activity" : "generate1",
          "start" : 319,
          "length" : 987
        },
        {
          "activity" : "generate2",
          "start" : 559,
          "length" : 571
        },
        {
          "activity" : "generate2",
          "start" : 604,
          "length" : 59
        },
        {
          "activity" : "generateValidationPack",
          "start" : 670,
          "length" : 4
        }
      ]
    },
    {
      "name" : "fsh-generated/resources/StructureDefinition-ObservationTelemedicina.json",
      "size" : 993,
      "processes" : [
        {
          "activity" : "loadResources",
          "start" : 83,
          "length" : 3
        },
        {
          "activity" : "load",
          "start" : 84,
          "length" : 5
        },
        {
          "activity" : "generateSnapshots",
          "start" : 86,
          "length" : 15
        },
        {
          "activity" : "generateNarratives",
          "start" : 96,
          "length" : 60
        },
        {
          "activity" : "validate",
          "start" : 137,
          "length" : 174
        },
        {
          "activity" : "scanForUsageStats",
          "start" : 153,
          "length" : 1
        },
        {
          "activity" : "generate1",
          "start" : 320,
          "length" : 1912
        },
        {
          "activity" : "generate2",
          "start" : 559,
          "length" : 625
        },
        {
          "activity" : "generate2",
          "start" : 604,
          "length" : 87
        },
        {
          "activity" : "generateValidationPack",
          "start" : 670,
          "length" : 7
        },
        {
          "activity" : "scanExamplesForR5",
          "start" : 720,
          "length" : 1
        }
      ]
    },
    {
      "name" : "fsh-generated/resources/StructureDefinition-OrganizationT1.json",
      "size" : 4410,
      "processes" : [
        {
          "activity" : "loadResources",
          "start" : 83,
          "length" : 5
        },
        {
          "activity" : "load",
          "start" : 84,
          "length" : 7
        },
        {
          "activity" : "generateSnapshots",
          "start" : 86,
          "length" : 29
        },
        {
          "activity" : "generateNarratives",
          "start" : 96,
          "length" : 113
        },
        {
          "activity" : "validate",
          "start" : 137,
          "length" : 289
        },
        {
          "activity" : "scanForUsageStats",
          "start" : 153,
          "length" : 2
        },
        {
          "activity" : "generate1",
          "start" : 322,
          "length" : 3192
        },
        {
          "activity" : "generate2",
          "start" : 560,
          "length" : 812
        },
        {
          "activity" : "generate2",
          "start" : 605,
          "length" : 293
        },
        {
          "activity" : "generateValidationPack",
          "start" : 670,
          "length" : 16
        }
      ]
    },
    {
      "name" : "fsh-generated/resources/StructureDefinition-OrganizationT2.json",
      "size" : 4729,
      "processes" : [
        {
          "activity" : "loadResources",
          "start" : 83,
          "length" : 4
        },
        {
          "activity" : "load",
          "start" : 84,
          "length" : 7
        },
        {
          "activity" : "generateSnapshots",
          "start" : 86,
          "length" : 35
        },
        {
          "activity" : "generateNarratives",
          "start" : 96,
          "length" : 140
        },
        {
          "activity" : "validate",
          "start" : 137,
          "length" : 284
        },
        {
          "activity" : "scanForUsageStats",
          "start" : 153,
          "length" : 2
        },
        {
          "activity" : "generate1",
          "start" : 325,
          "length" : 3157
        },
        {
          "activity" : "generate2",
          "start" : 561,
          "length" : 774
        },
        {
          "activity" : "generate2",
          "start" : 605,
          "length" : 389
        },
        {
          "activity" : "generateValidationPack",
          "start" : 670,
          "length" : 12
        },
        {
          "activity" : "scanExamplesForR5",
          "start" : 720,
          "length" : 1
        }
      ]
    },
    {
      "name" : "fsh-generated/resources/StructureDefinition-OrganizationT3.json",
      "size" : 8078,
      "processes" : [
        {
          "activity" : "loadResources",
          "start" : 83,
          "length" : 5
        },
        {
          "activity" : "load",
          "start" : 84,
          "length" : 9
        },
        {
          "activity" : "generateSnapshots",
          "start" : 86,
          "length" : 49
        },
        {
          "activity" : "load-configure",
          "start" : 89,
          "length" : 1
        },
        {
          "activity" : "generateNarratives",
          "start" : 96,
          "length" : 103
        },
        {
          "activity" : "validate",
          "start" : 137,
          "length" : 395
        },
        {
          "activity" : "checkConformanceResources",
          "start" : 153,
          "length" : 1
        },
        {
          "activity" : "scanForUsageStats",
          "start" : 153,
          "length" : 2
        },
        {
          "activity" : "generate1",
          "start" : 329,
          "length" : 4573
        },
        {
          "activity" : "generate2",
          "start" : 562,
          "length" : 902
        },
        {
          "activity" : "generate2",
          "start" : 605,
          "length" : 260
        },
        {
          "activity" : "generateValidationPack",
          "start" : 670,
          "length" : 15
        },
        {
          "activity" : "scanExamplesForR5",
          "start" : 720,
          "length" : 2
        }
      ]
    },
    {
      "name" : "fsh-generated/resources/StructureDefinition-OrganizationTelemedicina.json",
      "size" : 3927,
      "processes" : [
        {
          "activity" : "loadResources",
          "start" : 83,
          "length" : 3
        },
        {
          "activity" : "load",
          "start" : 84,
          "length" : 6
        },
        {
          "activity" : "generateSnapshots",
          "start" : 86,
          "length" : 1
        },
        {
          "activity" : "scan",
          "start" : 89,
          "length" : 1
        },
        {
          "activity" : "generateNarratives",
          "start" : 97,
          "length" : 19
        },
        {
          "activity" : "validate",
          "start" : 138,
          "length" : 114
        },
        {
          "activity" : "generate1",
          "start" : 333,
          "length" : 2130
        },
        {
          "activity" : "generate2",
          "start" : 562,
          "length" : 588
        },
        {
          "activity" : "generate2",
          "start" : 606,
          "length" : 70
        },
        {
          "activity" : "generateValidationPack",
          "start" : 670,
          "length" : 8
        }
      ]
    },
    {
      "name" : "fsh-generated/resources/StructureDefinition-PatientTelemedicina.json",
      "size" : 18862,
      "processes" : [
        {
          "activity" : "loadResources",
          "start" : 83,
          "length" : 4
        },
        {
          "activity" : "load",
          "start" : 84,
          "length" : 9
        },
        {
          "activity" : "generateSnapshots",
          "start" : 86,
          "length" : 29
        },
        {
          "activity" : "checkR4R4B",
          "start" : 89,
          "length" : 1
        },
        {
          "activity" : "generateNarratives",
          "start" : 97,
          "length" : 130
        },
        {
          "activity" : "validate",
          "start" : 138,
          "length" : 421
        },
        {
          "activity" : "scanForUsageStats",
          "start" : 153,
          "length" : 3
        },
        {
          "activity" : "generate1",
          "start" : 335,
          "length" : 6329
        },
        {
          "activity" : "generate2",
          "start" : 563,
          "length" : 1553
        },
        {
          "activity" : "generate2",
          "start" : 606,
          "length" : 196
        },
        {
          "activity" : "generateValidationPack",
          "start" : 670,
          "length" : 22
        },
        {
          "activity" : "scanProfilesForR5",
          "start" : 720,
          "length" : 1
        },
        {
          "activity" : "scanExamplesForR5",
          "start" : 720,
          "length" : 2
        }
      ]
    },
    {
      "name" : "fsh-generated/resources/StructureDefinition-PractitionerRoleTelemedicina.json",
      "size" : 4746,
      "processes" : [
        {
          "activity" : "loadResources",
          "start" : 83,
          "length" : 2
        },
        {
          "activity" : "load",
          "start" : 84,
          "length" : 7
        },
        {
          "activity" : "generateSnapshots",
          "start" : 86,
          "length" : 13
        },
        {
          "activity" : "generateNarratives",
          "start" : 97,
          "length" : 34
        },
        {
          "activity" : "validate",
          "start" : 138,
          "length" : 75
        },
        {
          "activity" : "scanForUsageStats",
          "start" : 153,
          "length" : 1
        },
        {
          "activity" : "generate1",
          "start" : 342,
          "length" : 1395
        },
        {
          "activity" : "generate2",
          "start" : 565,
          "length" : 561
        },
        {
          "activity" : "generate2",
          "start" : 606,
          "length" : 67
        },
        {
          "activity" : "generateValidationPack",
          "start" : 670,
          "length" : 5
        }
      ]
    },
    {
      "name" : "fsh-generated/resources/StructureDefinition-PractitionerTelemedicina.json",
      "size" : 2822,
      "processes" : [
        {
          "activity" : "loadResources",
          "start" : 83,
          "length" : 2
        },
        {
          "activity" : "load",
          "start" : 84,
          "length" : 6
        },
        {
          "activity" : "generateSnapshots",
          "start" : 86,
          "length" : 13
        },
        {
          "activity" : "generateNarratives",
          "start" : 97,
          "length" : 17
        },
        {
          "activity" : "validate",
          "start" : 138,
          "length" : 80
        },
        {
          "activity" : "checkConformanceResources",
          "start" : 153,
          "length" : 1
        },
        {
          "activity" : "scanForUsageStats",
          "start" : 153,
          "length" : 1
        },
        {
          "activity" : "generate1",
          "start" : 343,
          "length" : 1378
        },
        {
          "activity" : "generate2",
          "start" : 565,
          "length" : 547
        },
        {
          "activity" : "generate2",
          "start" : 606,
          "length" : 85
        },
        {
          "activity" : "generateValidationPack",
          "start" : 670,
          "length" : 5
        }
      ]
    },
    {
      "name" : "fsh-generated/resources/StructureDefinition-ProcedureTelemedicina.json",
      "size" : 6678,
      "processes" : [
        {
          "activity" : "loadResources",
          "start" : 83,
          "length" : 2
        },
        {
          "activity" : "load",
          "start" : 84,
          "length" : 4
        },
        {
          "activity" : "generateSnapshots",
          "start" : 86,
          "length" : 17
        },
        {
          "activity" : "generateNarratives",
          "start" : 97,
          "length" : 36
        },
        {
          "activity" : "validate",
          "start" : 138,
          "length" : 140
        },
        {
          "activity" : "scanForUsageStats",
          "start" : 153,
          "length" : 1
        },
        {
          "activity" : "generate1",
          "start" : 344,
          "length" : 2272
        },
        {
          "activity" : "generate2",
          "start" : 566,
          "length" : 633
        },
        {
          "activity" : "generate2",
          "start" : 606,
          "length" : 127
        },
        {
          "activity" : "generateExampleZip",
          "start" : 668,
          "length" : 1
        },
        {
          "activity" : "generateValidationPack",
          "start" : 670,
          "length" : 9
        },
        {
          "activity" : "scanExamplesForR5",
          "start" : 720,
          "length" : 2
        }
      ]
    },
    {
      "name" : "fsh-generated/resources/StructureDefinition-ServiceRequestTC.json",
      "size" : 3337,
      "processes" : [
        {
          "activity" : "loadResources",
          "start" : 83,
          "length" : 3
        },
        {
          "activity" : "load",
          "start" : 84,
          "length" : 5
        },
        {
          "activity" : "generateSnapshots",
          "start" : 86,
          "length" : 19
        },
        {
          "activity" : "scan",
          "start" : 89,
          "length" : 1
        },
        {
          "activity" : "generateNarratives",
          "start" : 97,
          "length" : 63
        },
        {
          "activity" : "validate",
          "start" : 139,
          "length" : 162
        },
        {
          "activity" : "scanForUsageStats",
          "start" : 153,
          "length" : 1
        },
        {
          "activity" : "generate1",
          "start" : 347,
          "length" : 2219
        },
        {
          "activity" : "generate2",
          "start" : 566,
          "length" : 732
        },
        {
          "activity" : "generate2",
          "start" : 606,
          "length" : 101
        },
        {
          "activity" : "generateValidationPack",
          "start" : 670,
          "length" : 11
        }
      ]
    },
    {
      "name" : "fsh-generated/resources/StructureDefinition-ServiceRequestTelemedicina.json",
      "size" : 16945,
      "processes" : [
        {
          "activity" : "loadResources",
          "start" : 83,
          "length" : 4
        },
        {
          "activity" : "load",
          "start" : 84,
          "length" : 9
        },
        {
          "activity" : "generateSnapshots",
          "start" : 86,
          "length" : 25
        },
        {
          "activity" : "generateNarratives",
          "start" : 97,
          "length" : 93
        },
        {
          "activity" : "validate",
          "start" : 139,
          "length" : 266
        },
        {
          "activity" : "scanForUsageStats",
          "start" : 153,
          "length" : 2
        },
        {
          "activity" : "generate1",
          "start" : 349,
          "length" : 4456
        },
        {
          "activity" : "generate2",
          "start" : 567,
          "length" : 836
        },
        {
          "activity" : "generate2",
          "start" : 606,
          "length" : 139
        },
        {
          "activity" : "generateValidationPack",
          "start" : 670,
          "length" : 18
        },
        {
          "activity" : "scanExamplesForR5",
          "start" : 720,
          "length" : 1
        }
      ]
    },
    {
      "name" : "fsh-generated/resources/StructureDefinition-TimingTelemedicina.json",
      "size" : 1032,
      "processes" : [
        {
          "activity" : "loadResources",
          "start" : 83,
          "length" : 3
        },
        {
          "activity" : "load",
          "start" : 84,
          "length" : 4
        },
        {
          "activity" : "generateSnapshots",
          "start" : 86,
          "length" : 20
        },
        {
          "activity" : "generateNarratives",
          "start" : 97,
          "length" : 13
        },
        {
          "activity" : "validate",
          "start" : 139,
          "length" : 71
        },
        {
          "activity" : "generate1",
          "start" : 353,
          "length" : 882
        },
        {
          "activity" : "generate2",
          "start" : 568,
          "length" : 525
        },
        {
          "activity" : "generate2",
          "start" : 606,
          "length" : 56
        },
        {
          "activity" : "generateValidationPack",
          "start" : 670,
          "length" : 4
        },
        {
          "activity" : "scanExamplesForR5",
          "start" : 720,
          "length" : 1
        }
      ]
    },
    {
      "name" : "fsh-generated/resources/StructureDefinition-actual-period.json",
      "size" : 1290,
      "processes" : [
        {
          "activity" : "loadResources",
          "start" : 83,
          "length" : 4
        },
        {
          "activity" : "load",
          "start" : 84,
          "length" : 3
        },
        {
          "activity" : "generateSnapshots",
          "start" : 86,
          "length" : 8
        },
        {
          "activity" : "load-configure",
          "start" : 89,
          "length" : 1
        },
        {
          "activity" : "generateNarratives",
          "start" : 97,
          "length" : 11
        },
        {
          "activity" : "validate",
          "start" : 139,
          "length" : 27
        },
        {
          "activity" : "generate1",
          "start" : 354,
          "length" : 328
        },
        {
          "activity" : "generate2",
          "start" : 568,
          "length" : 487
        },
        {
          "activity" : "generate2",
          "start" : 606,
          "length" : 30
        },
        {
          "activity" : "generateValidationPack",
          "start" : 670,
          "length" : 2
        }
      ]
    },
    {
      "name" : "fsh-generated/resources/StructureDefinition-address-dug.json",
      "size" : 1417,
      "processes" : [
        {
          "activity" : "loadResources",
          "start" : 83,
          "length" : 10
        },
        {
          "activity" : "load",
          "start" : 84,
          "length" : 4
        },
        {
          "activity" : "generateSnapshots",
          "start" : 86,
          "length" : 7
        },
        {
          "activity" : "generateNarratives",
          "start" : 97,
          "length" : 7
        },
        {
          "activity" : "validate",
          "start" : 139,
          "length" : 19
        },
        {
          "activity" : "generate1",
          "start" : 355,
          "length" : 356
        },
        {
          "activity" : "generate2",
          "start" : 569,
          "length" : 490
        },
        {
          "activity" : "generate2",
          "start" : 606,
          "length" : 36
        },
        {
          "activity" : "generateValidationPack",
          "start" : 670,
          "length" : 1
        }
      ]
    },
    {
      "name" : "fsh-generated/resources/StructureDefinition-planned-end-date.json",
      "size" : 1343,
      "processes" : [
        {
          "activity" : "loadResources",
          "start" : 83,
          "length" : 6
        },
        {
          "activity" : "load",
          "start" : 84,
          "length" : 2
        },
        {
          "activity" : "generateSnapshots",
          "start" : 86,
          "length" : 5
        },
        {
          "activity" : "generateNarratives",
          "start" : 97,
          "length" : 9
        },
        {
          "activity" : "validate",
          "start" : 139,
          "length" : 24
        },
        {
          "activity" : "generate1",
          "start" : 355,
          "length" : 310
        },
        {
          "activity" : "generate2",
          "start" : 569,
          "length" : 566
        },
        {
          "activity" : "generate2",
          "start" : 606,
          "length" : 36
        },
        {
          "activity" : "generateValidationPack",
          "start" : 670,
          "length" : 2
        }
      ]
    },
    {
      "name" : "fsh-generated/resources/StructureDefinition-planned-start-date.json",
      "size" : 1359,
      "processes" : [
        {
          "activity" : "loadResources",
          "start" : 83,
          "length" : 4
        },
        {
          "activity" : "load",
          "start" : 84,
          "length" : 3
        },
        {
          "activity" : "generateSnapshots",
          "start" : 86,
          "length" : 6
        },
        {
          "activity" : "generateNarratives",
          "start" : 97,
          "length" : 7
        },
        {
          "activity" : "validate",
          "start" : 139,
          "length" : 23
        },
        {
          "activity" : "generate1",
          "start" : 355,
          "length" : 388
        },
        {
          "activity" : "generate2",
          "start" : 570,
          "length" : 506
        },
        {
          "activity" : "generate2",
          "start" : 606,
          "length" : 35
        },
        {
          "activity" : "generateValidationPack",
          "start" : 670,
          "length" : 2
        }
      ]
    },
    {
      "name" : "fsh-generated/resources/StructureDefinition-recordCertification.json",
      "size" : 3881,
      "processes" : [
        {
          "activity" : "loadResources",
          "start" : 83,
          "length" : 5
        },
        {
          "activity" : "load",
          "start" : 84,
          "length" : 4
        },
        {
          "activity" : "generateSnapshots",
          "start" : 86,
          "length" : 8
        },
        {
          "activity" : "generateNarratives",
          "start" : 97,
          "length" : 42
        },
        {
          "activity" : "validate",
          "start" : 139,
          "length" : 121
        },
        {
          "activity" : "scanForUsageStats",
          "start" : 153,
          "length" : 1
        },
        {
          "activity" : "generate1",
          "start" : 356,
          "length" : 1323
        },
        {
          "activity" : "generate2",
          "start" : 570,
          "length" : 517
        },
        {
          "activity" : "generate2",
          "start" : 606,
          "length" : 49
        },
        {
          "activity" : "generateValidationPack",
          "start" : 670,
          "length" : 3
        }
      ]
    },
    {
      "name" : "fsh-generated/resources/ValueSet-TipologiaAttivitaPianoDiTelemonitoraggio.json",
      "size" : 1839,
      "processes" : [
        {
          "activity" : "loadResources",
          "start" : 83,
          "length" : 5
        },
        {
          "activity" : "load",
          "start" : 84,
          "length" : 6
        },
        {
          "activity" : "scan",
          "start" : 89,
          "length" : 1
        },
        {
          "activity" : "generateNarratives",
          "start" : 97,
          "length" : 92
        },
        {
          "activity" : "validate",
          "start" : 126,
          "length" : 667
        },
        {
          "activity" : "generate1",
          "start" : 357,
          "length" : 90
        },
        {
          "activity" : "generate2",
          "start" : 571,
          "length" : 290
        },
        {
          "activity" : "generateValidationPack",
          "start" : 670,
          "length" : 1
        }
      ]
    },
    {
      "name" : "fsh-generated/resources/ValueSet-ValueSetCatalogoNazionalePrestazioni.json",
      "size" : 630,
      "processes" : [
        {
          "activity" : "loadResources",
          "start" : 83,
          "length" : 4
        },
        {
          "activity" : "load",
          "start" : 84,
          "length" : 5
        },
        {
          "activity" : "generateNarratives",
          "start" : 97,
          "length" : 5
        },
        {
          "activity" : "validate",
          "start" : 127,
          "length" : 3
        },
        {
          "activity" : "generate1",
          "start" : 357,
          "length" : 58
        },
        {
          "activity" : "generate2",
          "start" : 571,
          "length" : 6202
        }
      ]
    },
    {
      "name" : "fsh-generated/resources/ValueSet-ValuesetMinisteroSaluteidASL.json",
      "size" : 596,
      "processes" : [
        {
          "activity" : "loadResources",
          "start" : 83,
          "length" : 4
        },
        {
          "activity" : "load",
          "start" : 84,
          "length" : 6
        },
        {
          "activity" : "generateNarratives",
          "start" : 97,
          "length" : 5
        },
        {
          "activity" : "validate",
          "start" : 127,
          "length" : 3
        },
        {
          "activity" : "generate1",
          "start" : 357,
          "length" : 59
        },
        {
          "activity" : "generate2",
          "start" : 577,
          "length" : 1359
        }
      ]
    },
    {
      "name" : "fsh-generated/resources/ValueSet-VsCatalogoNazionalePrestazioni.json",
      "size" : 522,
      "processes" : [
        {
          "activity" : "loadResources",
          "start" : 83,
          "length" : 4
        },
        {
          "activity" : "load",
          "start" : 84,
          "length" : 5
        },
        {
          "activity" : "generateNarratives",
          "start" : 97,
          "length" : 5
        },
        {
          "activity" : "validate",
          "start" : 127,
          "length" : 2
        },
        {
          "activity" : "checkURLsUnique",
          "start" : 153,
          "length" : 1
        },
        {
          "activity" : "generate1",
          "start" : 357,
          "length" : 63
        },
        {
          "activity" : "generate2",
          "start" : 579,
          "length" : 6798
        }
      ]
    },
    {
      "name" : "fsh-generated/resources/ValueSet-VstipoIdentificatore.json",
      "size" : 2480,
      "processes" : [
        {
          "activity" : "loadResources",
          "start" : 83,
          "length" : 5
        },
        {
          "activity" : "load",
          "start" : 84,
          "length" : 7
        },
        {
          "activity" : "load-configure",
          "start" : 89,
          "length" : 1
        },
        {
          "activity" : "generateNarratives",
          "start" : 97,
          "length" : 39
        },
        {
          "activity" : "validate",
          "start" : 127,
          "length" : 22
        },
        {
          "activity" : "generate1",
          "start" : 357,
          "length" : 120
        },
        {
          "activity" : "generate2",
          "start" : 586,
          "length" : 328
        },
        {
          "activity" : "generateValidationPack",
          "start" : 670,
          "length" : 1
        }
      ]
    },
    {
      "name" : "fsh-generated/resources/ValueSet-diagnosi-icd9cm.json",
      "size" : 482,
      "processes" : [
        {
          "activity" : "loadResources",
          "start" : 83,
          "length" : 2
        },
        {
          "activity" : "load",
          "start" : 84,
          "length" : 3
        },
        {
          "activity" : "generateNarratives",
          "start" : 97,
          "length" : 6
        },
        {
          "activity" : "validate",
          "start" : 127,
          "length" : 4
        },
        {
          "activity" : "generate1",
          "start" : 357,
          "length" : 60
        },
        {
          "activity" : "generate2",
          "start" : 586,
          "length" : 7041
        }
      ]
    },
    {
      "name" : "fsh-generated/resources/ValueSet-istat-dug.json",
      "size" : 415,
      "processes" : [
        {
          "activity" : "loadResources",
          "start" : 83,
          "length" : 3
        },
        {
          "activity" : "load",
          "start" : 84,
          "length" : 4
        },
        {
          "activity" : "generateNarratives",
          "start" : 97,
          "length" : 5
        },
        {
          "activity" : "validate",
          "start" : 127,
          "length" : 3
        },
        {
          "activity" : "generate1",
          "start" : 357,
          "length" : 58
        },
        {
          "activity" : "generate2",
          "start" : 593,
          "length" : 691
        }
      ]
    },
    {
      "name" : "fsh-generated/resources/ValueSet-minsan-asl.json",
      "size" : 801,
      "processes" : [
        {
          "activity" : "loadResources",
          "start" : 83,
          "length" : 2
        },
        {
          "activity" : "load",
          "start" : 84,
          "length" : 4
        },
        {
          "activity" : "generateNarratives",
          "start" : 97,
          "length" : 5
        },
        {
          "activity" : "validate",
          "start" : 127,
          "length" : 2
        },
        {
          "activity" : "generate1",
          "start" : 357,
          "length" : 57
        },
        {
          "activity" : "generate2",
          "start" : 594,
          "length" : 137
        }
      ]
    },
    {
      "name" : "fsh-generated/resources/ValueSet-minsan-idStrutture.json",
      "size" : 1012,
      "processes" : [
        {
          "activity" : "loadResources",
          "start" : 83,
          "length" : 2
        },
        {
          "activity" : "load",
          "start" : 84,
          "length" : 3
        },
        {
          "activity" : "generateNarratives",
          "start" : 97,
          "length" : 7
        },
        {
          "activity" : "validate",
          "start" : 127,
          "length" : 22
        },
        {
          "activity" : "generate1",
          "start" : 357,
          "length" : 63
        },
        {
          "activity" : "generate2",
          "start" : 594,
          "length" : 145
        }
      ]
    },
    {
      "name" : "fsh-generated/resources/ValueSet-minsan-idStruttureInterne.json",
      "size" : 43393,
      "processes" : [
        {
          "activity" : "loadResources",
          "start" : 83,
          "length" : 4
        },
        {
          "activity" : "load",
          "start" : 84,
          "length" : 15
        },
        {
          "activity" : "checkR4R4B",
          "start" : 89,
          "length" : 2
        },
        {
          "activity" : "generateNarratives",
          "start" : 97,
          "length" : 18
        },
        {
          "activity" : "validate",
          "start" : 127,
          "length" : 2714
        },
        {
          "activity" : "generate1",
          "start" : 358,
          "length" : 1007
        },
        {
          "activity" : "generate2",
          "start" : 594,
          "length" : 210
        },
        {
          "activity" : "generateValidationPack",
          "start" : 670,
          "length" : 6
        }
      ]
    },
    {
      "name" : "fsh-generated/resources/ValueSet-specialita-mediche.json",
      "size" : 468,
      "processes" : [
        {
          "activity" : "loadResources",
          "start" : 83,
          "length" : 2
        },
        {
          "activity" : "load",
          "start" : 84,
          "length" : 3
        },
        {
          "activity" : "generateNarratives",
          "start" : 97,
          "length" : 6
        },
        {
          "activity" : "validate",
          "start" : 130,
          "length" : 2
        },
        {
          "activity" : "generate1",
          "start" : 359,
          "length" : 80
        },
        {
          "activity" : "generate2",
          "start" : 594,
          "length" : 384
        },
        {
          "activity" : "generateValidationPack",
          "start" : 670,
          "length" : 2
        }
      ]
    },
    {
      "name" : "fsh-generated/resources/ValueSet-tipologia-piano.json",
      "size" : 469,
      "processes" : [
        {
          "activity" : "loadResources",
          "start" : 83,
          "length" : 1
        },
        {
          "activity" : "load",
          "start" : 84,
          "length" : 3
        },
        {
          "activity" : "load-configure",
          "start" : 89,
          "length" : 1
        },
        {
          "activity" : "generateNarratives",
          "start" : 97,
          "length" : 4
        },
        {
          "activity" : "validate",
          "start" : 130,
          "length" : 1
        },
        {
          "activity" : "scanForUsageStats",
          "start" : 153,
          "length" : 1
        },
        {
          "activity" : "generate1",
          "start" : 359,
          "length" : 71
        },
        {
          "activity" : "generate2",
          "start" : 595,
          "length" : 140
        }
      ]
    },
    {
      "name" : "fsh-generated/resources/ValueSet-vs-tipo-ricetta.json",
      "size" : 492,
      "processes" : [
        {
          "activity" : "loadResources",
          "start" : 83,
          "length" : 2
        },
        {
          "activity" : "load",
          "start" : 84,
          "length" : 2
        },
        {
          "activity" : "generateNarratives",
          "start" : 97,
          "length" : 6
        },
        {
          "activity" : "validate",
          "start" : 130,
          "length" : 1
        },
        {
          "activity" : "generate1",
          "start" : 359,
          "length" : 78
        },
        {
          "activity" : "generate2",
          "start" : 595,
          "length" : 191
        },
        {
          "activity" : "scanExamplesForR5",
          "start" : 720,
          "length" : 1
        }
      ]
    },
    {
      "name" : "fsh-generated/resources/ValueSet-vsAmbitoTelemedicina.json",
      "size" : 553,
      "processes" : [
        {
          "activity" : "loadResources",
          "start" : 83,
          "length" : 2
        },
        {
          "activity" : "load",
          "start" : 84,
          "length" : 3
        },
        {
          "activity" : "generateNarratives",
          "start" : 97,
          "length" : 3
        },
        {
          "activity" : "validate",
          "start" : 130,
          "length" : 2
        },
        {
          "activity" : "generate1",
          "start" : 359,
          "length" : 67
        },
        {
          "activity" : "generate2",
          "start" : 595,
          "length" : 217
        },
        {
          "activity" : "generateValidationPack",
          "start" : 670,
          "length" : 1
        }
      ]
    },
    {
      "name" : "fsh-generated/resources/ValueSet-vsTipologiaDocumentale.json",
      "size" : 972,
      "processes" : [
        {
          "activity" : "loadResources",
          "start" : 83,
          "length" : 2
        },
        {
          "activity" : "load",
          "start" : 84,
          "length" : 4
        },
        {
          "activity" : "generateNarratives",
          "start" : 97,
          "length" : 9
        },
        {
          "activity" : "validate",
          "start" : 130,
          "length" : 3
        },
        {
          "activity" : "generate1",
          "start" : 359,
          "length" : 72
        },
        {
          "activity" : "generate2",
          "start" : 595,
          "length" : 148
        }
      ]
    },
    {
      "name" : "fsh-generated/resources/ValueSet-vsspecialityPractitionerRole.json",
      "size" : 604,
      "processes" : [
        {
          "activity" : "loadResources",
          "start" : 83,
          "length" : 4
        },
        {
          "activity" : "load",
          "start" : 84,
          "length" : 4
        },
        {
          "activity" : "generateNarratives",
          "start" : 97,
          "length" : 3
        },
        {
          "activity" : "validate",
          "start" : 130,
          "length" : 2
        },
        {
          "activity" : "generate1",
          "start" : 359,
          "length" : 60
        },
        {
          "activity" : "generate2",
          "start" : 595,
          "length" : 4780
        }
      ]
    }
  ]
}
