{
  "url" : "https://agenas.gov.it/fhir/ImplementationGuide/teleconsulto",
  "name" : "Teleconsulto",
  "title" : "Teleconsulto",
  "description" : null,
  "status" : "draft",
  "package-id" : "teleconsulto",
  "ig-ver" : "0.1.0",
  "date" : "Thu, 29 May, 2025 16:40:06 +0200",
  "dateISO8601" : "2025-05-29T16:40:06+02:00",
  "errs" : 10,
  "warnings" : 125,
  "hints" : 14,
  "suppressed-hints" : 0,
  "suppressed-warnings" : 0,
  "version" : "4.0.1",
  "tool" : "5.0.0 (3)",
  "maxMemory" : 2443404816
}
